n/a;code;condition;event;ini;type;prio;group;reuse;speaker;voice;English(en)                        | (2nd row after this ingame);Bulgarian(bg);;;;;;;;;;;;;;;;;;;;;;;;;;;;;;;;;;;;;;;;;;;;;;;;;;;;;;;;;;;;;;;;;;;;;;;;;;;;;;
;mon_taunt_S_pSkel_0001;;mon_taunt_pSkel;;line;1000;;TRUE;ini;;Уничтожай!;;;;;;;;;;;;;;;;;;;;;;;;;;;;;;;;;;;;;;;;;;;;;;;;;;;;;;;;;;;;;;;;;;;;;;;;;;;;;;;
;mon_taunt_S_pSkel_0002;;mon_taunt_pSkel;;line;1000;;TRUE;ini;;В атаку!;;;;;;;;;;;;;;;;;;;;;;;;;;;;;;;;;;;;;;;;;;;;;;;;;;;;;;;;;;;;;;;;;;;;;;;;;;;;;;;
;mon_taunt_S_pSkel_0003;;mon_taunt_pSkel;;line;1000;;TRUE;ini;;Круши!;;;;;;;;;;;;;;;;;;;;;;;;;;;;;;;;;;;;;;;;;;;;;;;;;;;;;;;;;;;;;;;;;;;;;;;;;;;;;;;
;mon_taunt_S_pSkel_0004;;mon_taunt_pSkel;;line;1000;;TRUE;ini;;Атакуй!;;;;;;;;;;;;;;;;;;;;;;;;;;;;;;;;;;;;;;;;;;;;;;;;;;;;;;;;;;;;;;;;;;;;;;;;;;;;;;;
;mon_taunt_S_pSkel_0005;;mon_taunt_pSkel;;line;1000;;TRUE;ini;;Разрушай!;;;;;;;;;;;;;;;;;;;;;;;;;;;;;;;;;;;;;;;;;;;;;;;;;;;;;;;;;;;;;;;;;;;;;;;;;;;;;;;
;mon_taunt_S_pSkel_0006;;mon_taunt_pSkel;;line;1000;;TRUE;ini;;Нападай!;;;;;;;;;;;;;;;;;;;;;;;;;;;;;;;;;;;;;;;;;;;;;;;;;;;;;;;;;;;;;;;;;;;;;;;;;;;;;;;
;mon_taunt_S_pSkel_0007;;mon_taunt_pSkel;;line;1000;;TRUE;ini;;Сметай всё!;;;;;;;;;;;;;;;;;;;;;;;;;;;;;;;;;;;;;;;;;;;;;;;;;;;;;;;;;;;;;;;;;;;;;;;;;;;;;;;
;mon_taunt_S_pSkel_0008;;mon_taunt_pSkel;;line;1000;;TRUE;ini;;Убей смертного!;;;;;;;;;;;;;;;;;;;;;;;;;;;;;;;;;;;;;;;;;;;;;;;;;;;;;;;;;;;;;;;;;;;;;;;;;;;;;;;
;mon_taunt_S_pSkel_0009;;mon_taunt_pSkel;;line;1000;;TRUE;ini;;Уничтожь их!;;;;;;;;;;;;;;;;;;;;;;;;;;;;;;;;;;;;;;;;;;;;;;;;;;;;;;;;;;;;;;;;;;;;;;;;;;;;;;;
;mon_taunt_S_pSkel_0010;;mon_taunt_pSkel;;line;1000;;TRUE;ini;;Разнеси всё!;;;;;;;;;;;;;;;;;;;;;;;;;;;;;;;;;;;;;;;;;;;;;;;;;;;;;;;;;;;;;;;;;;;;;;;;;;;;;;;
;mon_taunt_S_pSkel_0011;;mon_taunt_pSkel;;line;1001;;TRUE;ini;;Простагма!;;;;;;;;;;;;;;;;;;;;;;;;;;;;;;;;;;;;;;;;;;;;;;;;;;;;;;;;;;;;;;;;;;;;;;;;;;;;;;;
;mon_taunt_S_pSkel_0012;;mon_taunt_pSkel;;line;1000;;TRUE;ini;;Надо атаковать!;;;;;;;;;;;;;;;;;;;;;;;;;;;;;;;;;;;;;;;;;;;;;;;;;;;;;;;;;;;;;;;;;;;;;;;;;;;;;;;
;mon_taunt_S_pSkel_0013;;mon_taunt_pSkel;;line;1000;;TRUE;ini;;Надо уничтожить!;;;;;;;;;;;;;;;;;;;;;;;;;;;;;;;;;;;;;;;;;;;;;;;;;;;;;;;;;;;;;;;;;;;;;;;;;;;;;;;
;mon_taunt_S_pSkel_0014;;mon_taunt_pSkel;;line;1000;;TRUE;ini;;Надо. Уничтожить!;;;;;;;;;;;;;;;;;;;;;;;;;;;;;;;;;;;;;;;;;;;;;;;;;;;;;;;;;;;;;;;;;;;;;;;;;;;;;;;
;mon_taunt_S_pSkel_0015;;mon_taunt_pSkel;;line;1000;;TRUE;ini;;Уничтожить врага!;;;;;;;;;;;;;;;;;;;;;;;;;;;;;;;;;;;;;;;;;;;;;;;;;;;;;;;;;;;;;;;;;;;;;;;;;;;;;;;
;mon_taunt_S_pGhos_0001;;mon_taunt_pGhos;;line;1000;;TRUE;ini;;Покинь это место!;;;;;;;;;;;;;;;;;;;;;;;;;;;;;;;;;;;;;;;;;;;;;;;;;;;;;;;;;;;;;;;;;;;;;;;;;;;;;;;
;mon_taunt_S_pGhos_0002;;mon_taunt_pGhos;;line;1000;;TRUE;ini;;Незваный гость!;;;;;;;;;;;;;;;;;;;;;;;;;;;;;;;;;;;;;;;;;;;;;;;;;;;;;;;;;;;;;;;;;;;;;;;;;;;;;;;
;mon_taunt_S_pGhos_0003;;mon_taunt_pGhos;;line;1000;;TRUE;ini;;Беги, смертный!;;;;;;;;;;;;;;;;;;;;;;;;;;;;;;;;;;;;;;;;;;;;;;;;;;;;;;;;;;;;;;;;;;;;;;;;;;;;;;;
;mon_taunt_S_pGhos_0004;;mon_taunt_pGhos;;line;1000;;TRUE;ini;;Тебе тут нет места, смертный!;;;;;;;;;;;;;;;;;;;;;;;;;;;;;;;;;;;;;;;;;;;;;;;;;;;;;;;;;;;;;;;;;;;;;;;;;;;;;;;
;mon_taunt_S_pGhos_0005;;mon_taunt_pGhos;;line;1000;;TRUE;ini;;Уходи, смертный!;;;;;;;;;;;;;;;;;;;;;;;;;;;;;;;;;;;;;;;;;;;;;;;;;;;;;;;;;;;;;;;;;;;;;;;;;;;;;;;
;mon_taunt_S_pGhos_0006;;mon_taunt_pGhos;;line;1000;;TRUE;ini;;Теперь твоё место здесь, смертный!;;;;;;;;;;;;;;;;;;;;;;;;;;;;;;;;;;;;;;;;;;;;;;;;;;;;;;;;;;;;;;;;;;;;;;;;;;;;;;;
;mon_meet_S_pSummElit_0001;;mon_meet_pc_pSummElit;;line;1000;meet_pSummElit;TRUE;ini;;Тебе не следовало сюда приходить.;;;;;;;;;;;;;;;;;;;;;;;;;;;;;;;;;;;;;;;;;;;;;;;;;;;;;;;;;;;;;;;;;;;;;;;;;;;;;;;
;mon_meet_S_pSummElit_0002;;mon_meet_pc_pSummElit;;line;1001;meet_pSummElit;TRUE;ini;;Что ты тут забыл, смертный?;;;;;;;;;;;;;;;;;;;;;;;;;;;;;;;;;;;;;;;;;;;;;;;;;;;;;;;;;;;;;;;;;;;;;;;;;;;;;;;
;mon_meet_S_pSummElit_0003;;mon_meet_pc_pSummElit;;line;1001;meet_pSummElit;TRUE;ini;;Куда так спешишь к нам, смертный?;;;;;;;;;;;;;;;;;;;;;;;;;;;;;;;;;;;;;;;;;;;;;;;;;;;;;;;;;;;;;;;;;;;;;;;;;;;;;;;
;mon_meet_S_pSummElit_0004;;mon_meet_pc_pSummElit;;line;1001;meet_pSummElit;TRUE;ini;;Твоё высокомерие тебя погубит.;;;;;;;;;;;;;;;;;;;;;;;;;;;;;;;;;;;;;;;;;;;;;;;;;;;;;;;;;;;;;;;;;;;;;;;;;;;;;;;
;mon_meet_S_pSummElit_0005;;mon_meet_pc_pSummElit;;line;1002;meet_pSummElit;TRUE;ini;;Опять ты?;;;;;;;;;;;;;;;;;;;;;;;;;;;;;;;;;;;;;;;;;;;;;;;;;;;;;;;;;;;;;;;;;;;;;;;;;;;;;;;
;mon_meet_S_pSummElit_0006;;mon_meet_pc_pSummElit;;line;1002;meet_pSummElit;TRUE;ini;;Тебе не надоело это, смертный?;;;;;;;;;;;;;;;;;;;;;;;;;;;;;;;;;;;;;;;;;;;;;;;;;;;;;;;;;;;;;;;;;;;;;;;;;;;;;;;
;mon_meet_S_pSummElit_0007;;mon_meet_pc_pSummElit;;line;1002;meet_pSummElit;TRUE;ini;;Чего ты надеешься добиться?;;;;;;;;;;;;;;;;;;;;;;;;;;;;;;;;;;;;;;;;;;;;;;;;;;;;;;;;;;;;;;;;;;;;;;;;;;;;;;;
;mon_meet_S_pSummElit_0008;;mon_meet_pc_pSummElit;;line;1002;meet_pSummElit;TRUE;ini;;Смерть всё равно придёт за тобой.;;;;;;;;;;;;;;;;;;;;;;;;;;;;;;;;;;;;;;;;;;;;;;;;;;;;;;;;;;;;;;;;;;;;;;;;;;;;;;;
;mon_hpdrop80_S_pSummElit_0001;;mon_hp_drop_80_pSummElit;;line;1000;monhp80_pSummElit;TRUE;ini;;Тебе меня так просто не одолеть!;;;;;;;;;;;;;;;;;;;;;;;;;;;;;;;;;;;;;;;;;;;;;;;;;;;;;;;;;;;;;;;;;;;;;;;;;;;;;;;
;mon_hpdrop80_S_pSummElit_0002;;mon_hp_drop_80_pSummElit;;line;1000;monhp80_pSummElit;TRUE;ini;;Думаешь, ты меня одолеешь?;;;;;;;;;;;;;;;;;;;;;;;;;;;;;;;;;;;;;;;;;;;;;;;;;;;;;;;;;;;;;;;;;;;;;;;;;;;;;;;
;mon_hpdrop80_S_pSummElit_0003;;mon_hp_drop_80_pSummElit;;line;1000;monhp80_pSummElit;TRUE;ini;;У тебя нет шансов, смертный.;;;;;;;;;;;;;;;;;;;;;;;;;;;;;;;;;;;;;;;;;;;;;;;;;;;;;;;;;;;;;;;;;;;;;;;;;;;;;;;
;mon_hpdrop80_S_pSummElit_0003;;mon_hp_drop_80_pSummElit;;line;1000;monhp80_pSummElit;TRUE;ini;;Тебе меня так просто не победить.;;;;;;;;;;;;;;;;;;;;;;;;;;;;;;;;;;;;;;;;;;;;;;;;;;;;;;;;;;;;;;;;;;;;;;;;;;;;;;;
;mon_hpdrop20_S_pSummElit_0001;;mon_hp_drop_20_pSummElit;;line;1000;monhp20_pSummElit;TRUE;ini;;Снова мёртв… опять?;;;;;;;;;;;;;;;;;;;;;;;;;;;;;;;;;;;;;;;;;;;;;;;;;;;;;;;;;;;;;;;;;;;;;;;;;;;;;;;
;mon_hpdrop20_S_pSummElit_0002;;mon_hp_drop_20_pSummElit;;line;1000;monhp20_pSummElit;TRUE;ini;;Смерть…;;;;;;;;;;;;;;;;;;;;;;;;;;;;;;;;;;;;;;;;;;;;;;;;;;;;;;;;;;;;;;;;;;;;;;;;;;;;;;;
;mon_hpdrop20_S_pSummElit_0003;;mon_hp_drop_20_pSummElit;;line;1000;monhp20_pSummElit;TRUE;ini;;Вот и вся жизнь.;;;;;;;;;;;;;;;;;;;;;;;;;;;;;;;;;;;;;;;;;;;;;;;;;;;;;;;;;;;;;;;;;;;;;;;;;;;;;;;
;mon_hpdrop20_S_pSummElit_0004;;mon_hp_drop_20_pSummElit;;line;1000;monhp20_pSummElit;TRUE;ini;;Мы ещё встретимся.;;;;;;;;;;;;;;;;;;;;;;;;;;;;;;;;;;;;;;;;;;;;;;;;;;;;;;;;;;;;;;;;;;;;;;;;;;;;;;;
;mon_meet1_S_pSkelReve_0001;;mon_meet_pc_pSkelReve;;line;1000;meet_pSkelReve1;TRUE;ini;;Меня разбудили только из-за тебя!;;;;;;;;;;;;;;;;;;;;;;;;;;;;;;;;;;;;;;;;;;;;;;;;;;;;;;;;;;;;;;;;;;;;;;;;;;;;;;;
;mon_meet1_S_pSkelReve_0002;;mon_meet_pc_pSkelReve;;line;1001;meet_pSkelReve1;TRUE;ini;;Получи стрелу в лоб, гад!;;;;;;;;;;;;;;;;;;;;;;;;;;;;;;;;;;;;;;;;;;;;;;;;;;;;;;;;;;;;;;;;;;;;;;;;;;;;;;;
;mon_meet1_S_pSkelReve_0003;;mon_meet_pc_pSkelReve;;line;1001;meet_pSkelReve1;TRUE;ini;;Достал ты меня, слышь!;;;;;;;;;;;;;;;;;;;;;;;;;;;;;;;;;;;;;;;;;;;;;;;;;;;;;;;;;;;;;;;;;;;;;;;;;;;;;;;
;mon_meet1_S_pSkelReve_0004;;mon_meet_pc_pSkelReve;;line;1001;meet_pSkelReve1;TRUE;ini;;Чёртовы живые, ну и блин дела.;;;;;;;;;;;;;;;;;;;;;;;;;;;;;;;;;;;;;;;;;;;;;;;;;;;;;;;;;;;;;;;;;;;;;;;;;;;;;;;
;mon_meet1_S_pSkelReve_0005;;mon_meet_pc_pSkelReve;;line;1001;meet_pSkelReve1;TRUE;ini;;Поприкалываемся, когда к нам присоединишься.;;;;;;;;;;;;;;;;;;;;;;;;;;;;;;;;;;;;;;;;;;;;;;;;;;;;;;;;;;;;;;;;;;;;;;;;;;;;;;;
;mon_meet1_S_pSkelReve_0006;;mon_meet_pc_pSkelReve;;line;1001;meet_pSkelReve1;TRUE;ini;;Чего мы не можем дружить?;;;;;;;;;;;;;;;;;;;;;;;;;;;;;;;;;;;;;;;;;;;;;;;;;;;;;;;;;;;;;;;;;;;;;;;;;;;;;;;
;mon_meet1_S_pSkelReve_0007;;mon_meet_pc_pSkelReve;;line;1001;meet_pSkelReve1;TRUE;ini;;Хватит тащить всё из Круга!;;;;;;;;;;;;;;;;;;;;;;;;;;;;;;;;;;;;;;;;;;;;;;;;;;;;;;;;;;;;;;;;;;;;;;;;;;;;;;;
;mon_meet1_S_pSkelReve_0008;;mon_meet_pc_pSkelReve;;line;1001;meet_pSkelReve1;TRUE;ini;;Убери свои воровские руки, смертный.;;;;;;;;;;;;;;;;;;;;;;;;;;;;;;;;;;;;;;;;;;;;;;;;;;;;;;;;;;;;;;;;;;;;;;;;;;;;;;;
;mon_meet1_S_pSkelReve_0009;;mon_meet_pc_pSkelReve;;line;1001;meet_pSkelReve1;TRUE;ini;;Стражи быстро с тобой разделаются!;;;;;;;;;;;;;;;;;;;;;;;;;;;;;;;;;;;;;;;;;;;;;;;;;;;;;;;;;;;;;;;;;;;;;;;;;;;;;;;
;mon_meet1_S_pSkelReve_0010;;mon_meet_pc_pSkelReve;;line;1002;meet_pSkelReve1;TRUE;ini;;Как же всё это достало.;;;;;;;;;;;;;;;;;;;;;;;;;;;;;;;;;;;;;;;;;;;;;;;;;;;;;;;;;;;;;;;;;;;;;;;;;;;;;;;
;mon_meet1_S_pSkelReve_0011;;mon_meet_pc_pSkelReve;;line;1002;meet_pSkelReve1;TRUE;ini;;Может, хватит сюда лезть?;;;;;;;;;;;;;;;;;;;;;;;;;;;;;;;;;;;;;;;;;;;;;;;;;;;;;;;;;;;;;;;;;;;;;;;;;;;;;;;
;mon_meet1_S_pSkelReve_0012;;mon_meet_pc_pSkelReve;;line;1001;meet_pSkelReve1;TRUE;ini;;Ну что, продолжаем этот цирк?;;;;;;;;;;;;;;;;;;;;;;;;;;;;;;;;;;;;;;;;;;;;;;;;;;;;;;;;;;;;;;;;;;;;;;;;;;;;;;;
;mon_meet1_S_pSkelReve_0013;;mon_meet_pc_pSkelReve;;line;1002;meet_pSkelReve1;TRUE;ini;;Ты можешь остановиться в любой момент.;;;;;;;;;;;;;;;;;;;;;;;;;;;;;;;;;;;;;;;;;;;;;;;;;;;;;;;;;;;;;;;;;;;;;;;;;;;;;;;
;mon_meet1_S_pSkelReve_0014;;mon_meet_pc_pSkelReve;;line;1002;meet_pSkelReve1;TRUE;ini;;Всю жизнь буду благодарен, если ты перестанешь сюда соваться.;;;;;;;;;;;;;;;;;;;;;;;;;;;;;;;;;;;;;;;;;;;;;;;;;;;;;;;;;;;;;;;;;;;;;;;;;;;;;;;
;mon_meet1_S_pSkelReve_0015;;mon_meet_pc_pSkelReve;;line;1001;meet_pSkelReve1;TRUE;ini;;Разлетаться на куски в сотый раз, вообще-то, не весело.;;;;;;;;;;;;;;;;;;;;;;;;;;;;;;;;;;;;;;;;;;;;;;;;;;;;;;;;;;;;;;;;;;;;;;;;;;;;;;;
;mon_meet2_S_pSkelReve_0001;;mon_meet_pc_pSkelReve;;line;1100;meet_pSkelReve2;TRUE;ini;;Я вернулся, гад!;;;;;;;;;;;;;;;;;;;;;;;;;;;;;;;;;;;;;;;;;;;;;;;;;;;;;;;;;;;;;;;;;;;;;;;;;;;;;;;
;mon_meet2_S_pSkelReve_0002;;mon_meet_pc_pSkelReve;;line;1100;meet_pSkelReve2;TRUE;ini;;Вот и снова встреча!;;;;;;;;;;;;;;;;;;;;;;;;;;;;;;;;;;;;;;;;;;;;;;;;;;;;;;;;;;;;;;;;;;;;;;;;;;;;;;;
;mon_meet2_S_pSkelReve_0003;;mon_meet_pc_pSkelReve;;line;1101;meet_pSkelReve2;TRUE;ini;;В этот раз я до тебя доберусь!;;;;;;;;;;;;;;;;;;;;;;;;;;;;;;;;;;;;;;;;;;;;;;;;;;;;;;;;;;;;;;;;;;;;;;;;;;;;;;;
;mon_meet2_S_pSkelReve_0004;;mon_meet_pc_pSkelReve;;line;1102;meet_pSkelReve2;TRUE;ini;;Ты всё ещё прёшь?;;;;;;;;;;;;;;;;;;;;;;;;;;;;;;;;;;;;;;;;;;;;;;;;;;;;;;;;;;;;;;;;;;;;;;;;;;;;;;;
;mon_meet2_S_pSkelReve_0005;;mon_meet_pc_pSkelReve;;line;1102;meet_pSkelReve2;TRUE;ini;;Тебе уже не надоело?;;;;;;;;;;;;;;;;;;;;;;;;;;;;;;;;;;;;;;;;;;;;;;;;;;;;;;;;;;;;;;;;;;;;;;;;;;;;;;;
;mon_meet2_S_pSkelReve_0006;;mon_meet_pc_pSkelReve;;line;1102;meet_pSkelReve2;TRUE;ini;;Ну давай, сдавайся!;;;;;;;;;;;;;;;;;;;;;;;;;;;;;;;;;;;;;;;;;;;;;;;;;;;;;;;;;;;;;;;;;;;;;;;;;;;;;;;
;mon_hpdrop80_S_pSkelReve_0001;;mon_hp_drop_80_pSkelReve;;line;1000;;TRUE;ini;;Ой!;;;;;;;;;;;;;;;;;;;;;;;;;;;;;;;;;;;;;;;;;;;;;;;;;;;;;;;;;;;;;;;;;;;;;;;;;;;;;;;
;mon_hpdrop80_S_pSkelReve_0002;;mon_hp_drop_80_pSkelReve;;line;1000;;TRUE;ini;;Аргх!;;;;;;;;;;;;;;;;;;;;;;;;;;;;;;;;;;;;;;;;;;;;;;;;;;;;;;;;;;;;;;;;;;;;;;;;;;;;;;;
;mon_hpdrop60_S_pSkelReve_0001;;mon_hp_drop_60_pSkelReve;;line;1000;;TRUE;ini;;Хватит меня бить!;;;;;;;;;;;;;;;;;;;;;;;;;;;;;;;;;;;;;;;;;;;;;;;;;;;;;;;;;;;;;;;;;;;;;;;;;;;;;;;
;mon_hpdrop60_S_pSkelReve_0002;;mon_hp_drop_60_pSkelReve;;line;1000;;TRUE;ini;;Прекрати!;;;;;;;;;;;;;;;;;;;;;;;;;;;;;;;;;;;;;;;;;;;;;;;;;;;;;;;;;;;;;;;;;;;;;;;;;;;;;;;
;mon_hpdrop60_S_pSkelReve_0003;;mon_hp_drop_60_pSkelReve;;line;1000;;TRUE;ini;;Отстань от меня!;;;;;;;;;;;;;;;;;;;;;;;;;;;;;;;;;;;;;;;;;;;;;;;;;;;;;;;;;;;;;;;;;;;;;;;;;;;;;;;
;mon_hpdrop60_S_pSkelReve_0004;;mon_hp_drop_60_pSkelReve;;line;1000;;TRUE;ini;;Остынь!;;;;;;;;;;;;;;;;;;;;;;;;;;;;;;;;;;;;;;;;;;;;;;;;;;;;;;;;;;;;;;;;;;;;;;;;;;;;;;;
;mon_hpdrop40_S_pSkelReve_0001;;mon_hp_drop_40_pSkelReve;;line;1000;;TRUE;ini;;Ладно-ладно, сдаюсь!;;;;;;;;;;;;;;;;;;;;;;;;;;;;;;;;;;;;;;;;;;;;;;;;;;;;;;;;;;;;;;;;;;;;;;;;;;;;;;;
;mon_hpdrop40_S_pSkelReve_0002;;mon_hp_drop_40_pSkelReve;;line;1000;;TRUE;ini;;Ой! Ай! Ладно, ладно!;;;;;;;;;;;;;;;;;;;;;;;;;;;;;;;;;;;;;;;;;;;;;;;;;;;;;;;;;;;;;;;;;;;;;;;;;;;;;;;
;mon_hpdrop20_S_pSkelReve_0001;;mon_hp_drop_20_pSkelReve;;line;1000;;TRUE;ini;;Не насмехайся надо мной, смертный!;;;;;;;;;;;;;;;;;;;;;;;;;;;;;;;;;;;;;;;;;;;;;;;;;;;;;;;;;;;;;;;;;;;;;;;;;;;;;;;
;mon_meet_S_pBlacKnigWarl_0001;;mon_meet_pc_pBlacKnigWarl;;line;1000;meet_pBlacKnigWarl;TRUE;ini;;Сдохни, смертный!;;;;;;;;;;;;;;;;;;;;;;;;;;;;;;;;;;;;;;;;;;;;;;;;;;;;;;;;;;;;;;;;;;;;;;;;;;;;;;;
;mon_meet_S_pBlacKnigWarl_0002;;mon_meet_pc_pBlacKnigWarl;;line;1000;meet_pBlacKnigWarl;TRUE;ini;;Вот и всё твоё вторжение!;;;;;;;;;;;;;;;;;;;;;;;;;;;;;;;;;;;;;;;;;;;;;;;;;;;;;;;;;;;;;;;;;;;;;;;;;;;;;;;
;mon_meet_S_pBlacKnigWarl_0003;;mon_meet_pc_pBlacKnigWarl;;line;1000;meet_pBlacKnigWarl;TRUE;ini;;Я — твоя погибель!;;;;;;;;;;;;;;;;;;;;;;;;;;;;;;;;;;;;;;;;;;;;;;;;;;;;;;;;;;;;;;;;;;;;;;;;;;;;;;;
;mon_meet_S_pBlacKnigWarl_0004;;mon_meet_pc_pBlacKnigWarl;;line;1000;meet_pBlacKnigWarl;TRUE;ini;;Готовься присоединиться к нам в смерти, смертный!;;;;;;;;;;;;;;;;;;;;;;;;;;;;;;;;;;;;;;;;;;;;;;;;;;;;;;;;;;;;;;;;;;;;;;;;;;;;;;;
;mon_meet_S_pBlacKnigWarl_0005;;mon_meet_pc_pBlacKnigWarl;;line;1000;meet_pBlacKnigWarl;TRUE;ini;;Встречай свой конец!;;;;;;;;;;;;;;;;;;;;;;;;;;;;;;;;;;;;;;;;;;;;;;;;;;;;;;;;;;;;;;;;;;;;;;;;;;;;;;;
;mon_meet_S_pBlacKnigWarl_0006;;mon_meet_pc_pBlacKnigWarl;;line;1001;meet_pBlacKnigWarl;TRUE;ini;;Лучше перестань сюда соваться.;;;;;;;;;;;;;;;;;;;;;;;;;;;;;;;;;;;;;;;;;;;;;;;;;;;;;;;;;;;;;;;;;;;;;;;;;;;;;;;
;mon_meet_S_pBlacKnigWarl_0007;;mon_meet_pc_pBlacKnigWarl;;line;1001;meet_pBlacKnigWarl;TRUE;ini;;Опять за взбучкой пришёл?;;;;;;;;;;;;;;;;;;;;;;;;;;;;;;;;;;;;;;;;;;;;;;;;;;;;;;;;;;;;;;;;;;;;;;;;;;;;;;;
;mon_meet_S_pBlacKnigWarl_0008;;mon_meet_pc_pBlacKnigWarl;;line;1001;meet_pBlacKnigWarl;TRUE;ini;;Тебе стоит перестать сюда ходить.;;;;;;;;;;;;;;;;;;;;;;;;;;;;;;;;;;;;;;;;;;;;;;;;;;;;;;;;;;;;;;;;;;;;;;;;;;;;;;;
;mon_hpdrop80_S_pBlacKnigWarl_0001;;mon_hp_drop_80_pBlacKnigWarl;;line;1000;monhp80_pBlacKnigWarl;TRUE;ini;;Аааргх!;;;;;;;;;;;;;;;;;;;;;;;;;;;;;;;;;;;;;;;;;;;;;;;;;;;;;;;;;;;;;;;;;;;;;;;;;;;;;;;
;mon_hpdrop80_S_pBlacKnigWarl_0002;;mon_hp_drop_80_pBlacKnigWarl;;line;1000;monhp80_pBlacKnigWarl;TRUE;ini;;АААРГХ!;;;;;;;;;;;;;;;;;;;;;;;;;;;;;;;;;;;;;;;;;;;;;;;;;;;;;;;;;;;;;;;;;;;;;;;;;;;;;;;
;mon_hpdrop60_S_pBlacKnigWarl_0001;;mon_hp_drop_60_pBlacKnigWarl;;line;1000;monhp60_pBlacKnigWarl;TRUE;ini;;Ты меня бесишь, смертный!;;;;;;;;;;;;;;;;;;;;;;;;;;;;;;;;;;;;;;;;;;;;;;;;;;;;;;;;;;;;;;;;;;;;;;;;;;;;;;;
;mon_hpdrop40_S_pBlacKnigWarl_0001;;mon_hp_drop_40_pBlacKnigWarl;;line;1000;monhp40_pBlacKnigWarl;TRUE;ini;;Подойди ближе!;;;;;;;;;;;;;;;;;;;;;;;;;;;;;;;;;;;;;;;;;;;;;;;;;;;;;;;;;;;;;;;;;;;;;;;;;;;;;;;
;mon_hpdrop20_S_pBlacKnigWarl_0001;;mon_hp_drop_20_pBlacKnigWarl;;line;1000;monhp20_pBlacKnigWarl;TRUE;ini;;Не издевайся надо мной, смертный!;;;;;;;;;;;;;;;;;;;;;;;;;;;;;;;;;;;;;;;;;;;;;;;;;;;;;;;;;;;;;;;;;;;;;;;;;;;;;;;
;mon_meet_S_pNecr_0001;;mon_meet_pc_pNecr;;line;1000;meet_pNecr;TRUE;ini;;Ха-ха-ха, опять сюда пожаловал смертный!;;;;;;;;;;;;;;;;;;;;;;;;;;;;;;;;;;;;;;;;;;;;;;;;;;;;;;;;;;;;;;;;;;;;;;;;;;;;;;;
;mon_meet_S_pNecr_0002;;mon_meet_pc_pNecr;;line;1001;meet_pNecr;TRUE;ini;;Ха-ха, ещё души для хозяина!;;;;;;;;;;;;;;;;;;;;;;;;;;;;;;;;;;;;;;;;;;;;;;;;;;;;;;;;;;;;;;;;;;;;;;;;;;;;;;;
;mon_meet_S_pNecr_0003;;mon_meet_pc_pNecr;;line;1001;meet_pNecr;TRUE;ini;;Тысячу лет ждал настоящего поединка!;;;;;;;;;;;;;;;;;;;;;;;;;;;;;;;;;;;;;;;;;;;;;;;;;;;;;;;;;;;;;;;;;;;;;;;;;;;;;;;
;mon_meet_S_pNecr_kni_0001;is_char_kni;mon_meet_pc_pNecr;;line;1001;meet_pNecr;TRUE;ini;;Не любишь нежить, о благородный?;;;;;;;;;;;;;;;;;;;;;;;;;;;;;;;;;;;;;;;;;;;;;;;;;;;;;;;;;;;;;;;;;;;;;;;;;;;;;;;
;mon_meet_S_pNecr_kni_0002;is_char_kni;mon_meet_pc_pNecr;;line;1002;meet_pNecr;TRUE;ini;;Хочешь турнир, рыцарь?;;;;;;;;;;;;;;;;;;;;;;;;;;;;;;;;;;;;;;;;;;;;;;;;;;;;;;;;;;;;;;;;;;;;;;;;;;;;;;;
;mon_meet_S_pNecr_sor_0001;is_char_sor;mon_meet_pc_pNecr;;line;1001;meet_pNecr;TRUE;ini;;Поединок магов!;;;;;;;;;;;;;;;;;;;;;;;;;;;;;;;;;;;;;;;;;;;;;;;;;;;;;;;;;;;;;;;;;;;;;;;;;;;;;;;
;mon_meet_S_pNecr_sor_0002;is_char_sor;mon_meet_pc_pNecr;;line;1001;meet_pNecr;TRUE;ini;;Ха-ха, глупая колдунья!;;;;;;;;;;;;;;;;;;;;;;;;;;;;;;;;;;;;;;;;;;;;;;;;;;;;;;;;;;;;;;;;;;;;;;;;;;;;;;;
;mon_meet_S_pNecr_ass_0001;is_char_ass;mon_meet_pc_pNecr;;line;1001;meet_pNecr;TRUE;ini;;Твои ножи меня ни за что не достанут, эльф!;;;;;;;;;;;;;;;;;;;;;;;;;;;;;;;;;;;;;;;;;;;;;;;;;;;;;;;;;;;;;;;;;;;;;;;;;;;;;;;
;mon_meet_S_pNecr_ass_0002;is_char_ass;mon_meet_pc_pNecr;;line;1001;meet_pNecr;TRUE;ini;;Ну-ка, попробуй меня достать, пришелец!;;;;;;;;;;;;;;;;;;;;;;;;;;;;;;;;;;;;;;;;;;;;;;;;;;;;;;;;;;;;;;;;;;;;;;;;;;;;;;;
;mon_meet_S_pNecr_bar_0001;is_char_bar;mon_meet_pc_pNecr;;line;1001;meet_pNecr;TRUE;ini;;Твоя сила не сравнится с моей магией, орк!;;;;;;;;;;;;;;;;;;;;;;;;;;;;;;;;;;;;;;;;;;;;;;;;;;;;;;;;;;;;;;;;;;;;;;;;;;;;;;;
;mon_meet_S_pNecr_bar_0002;is_char_bar;mon_meet_pc_pNecr;;line;1001;meet_pNecr;TRUE;ini;;Пришёл сражаться со мной примитивными орудиями?;;;;;;;;;;;;;;;;;;;;;;;;;;;;;;;;;;;;;;;;;;;;;;;;;;;;;;;;;;;;;;;;;;;;;;;;;;;;;;;
;mon_meet_S_pNecr_war_0001;is_char_war;mon_meet_pc_pNecr;;line;1001;meet_pNecr;TRUE;ini;;Добро пожаловать в преисподнюю, горец!;;;;;;;;;;;;;;;;;;;;;;;;;;;;;;;;;;;;;;;;;;;;;;;;;;;;;;;;;;;;;;;;;;;;;;;;;;;;;;;
;mon_meet_S_pNecr_war_0002;is_char_war;mon_meet_pc_pNecr;;line;1001;meet_pNecr;TRUE;ini;;Скоро присоединишься к нам, горец.;;;;;;;;;;;;;;;;;;;;;;;;;;;;;;;;;;;;;;;;;;;;;;;;;;;;;;;;;;;;;;;;;;;;;;;;;;;;;;;
;mon_hpdrop80_S_pNecr_0001;;mon_hp_drop_80_pNecr;;line;1000;monhp80_pNecr;TRUE;ini;;Ха-ха-ха, меня так просто не одолеть!;;;;;;;;;;;;;;;;;;;;;;;;;;;;;;;;;;;;;;;;;;;;;;;;;;;;;;;;;;;;;;;;;;;;;;;;;;;;;;;
;mon_hpdrop80_S_pNecr_0002;;mon_hp_drop_80_pNecr;;line;1000;monhp80_pNecr;TRUE;ini;;Ха-ха, и это всё, на что ты способен?;;;;;;;;;;;;;;;;;;;;;;;;;;;;;;;;;;;;;;;;;;;;;;;;;;;;;;;;;;;;;;;;;;;;;;;;;;;;;;;
;mon_hpdrop60_S_pNecr_0001;;mon_hp_drop_60_pNecr;;line;1000;monhp60_pNecr;TRUE;ini;;Ты играешь в опасную игру.;;;;;;;;;;;;;;;;;;;;;;;;;;;;;;;;;;;;;;;;;;;;;;;;;;;;;;;;;;;;;;;;;;;;;;;;;;;;;;;
;mon_hpdrop40_S_pNecr_0001;;mon_hp_drop_40_pNecr;;line;1000;monhp40_pNecr;TRUE;ini;;Этот бой ещё не окончен!;;;;;;;;;;;;;;;;;;;;;;;;;;;;;;;;;;;;;;;;;;;;;;;;;;;;;;;;;;;;;;;;;;;;;;;;;;;;;;;
;mon_hpdrop40_S_pNecr_sor_0001;is_char_sor;mon_hp_drop_40_pNecr;;line;1000;monhp40_pNecr;TRUE;ini;;Думаешь, ты одолела меня, колдунья?;;;;;;;;;;;;;;;;;;;;;;;;;;;;;;;;;;;;;;;;;;;;;;;;;;;;;;;;;;;;;;;;;;;;;;;;;;;;;;;
;mon_hpdrop20_S_pNecr_0001;;mon_hp_drop_20_pNecr;;line;1000;monhp20_pNecr;TRUE;ini;;Похоже, я уже слишком стар.;;;;;;;;;;;;;;;;;;;;;;;;;;;;;;;;;;;;;;;;;;;;;;;;;;;;;;;;;;;;;;;;;;;;;;;;;;;;;;;
;mon_hpdrop20_S_pNecr_0001;;mon_hp_drop_20_pNecr;;line;1001;monhp20_pNecr;TRUE;ini;;Старого пса новым трюкам не научить.;;;;;;;;;;;;;;;;;;;;;;;;;;;;;;;;;;;;;;;;;;;;;;;;;;;;;;;;;;;;;;;;;;;;;;;;;;;;;;;
;mon_meet_S_pVampLord_0001;;mon_meet_pc_pVampLord;;line;1000;meet_pVampLord;TRUE;ini;;Ты вторгся в игру богов, смертный!;You've trespassed into a game of gods, mortal!;;;;;;;;;;;;;;;;;;;;;;;;;;;;;;;;;;;;;;;;;;;;;;;;;;;;;;;;;;;;;;;;;;;;;;;;;;;;;;
;mon_meet_S_pVampLord_0002;;mon_meet_pc_pVampLord;;line;1000;meet_pVampLord;TRUE;ini;;Лелеешь ли ты иллюзии успеха, смертный?;You think you can get to him?;;;;;;;;;;;;;;;;;;;;;;;;;;;;;;;;;;;;;;;;;;;;;;;;;;;;;;;;;;;;;;;;;;;;;;;;;;;;;;
;mon_meet_S_pVampLord_0003;;mon_meet_pc_pVampLord;;line;1000;meet_pVampLord;TRUE;ini;;Победа останется тебе недоступна.;You'll never reach him.;;;;;;;;;;;;;;;;;;;;;;;;;;;;;;;;;;;;;;;;;;;;;;;;;;;;;;;;;;;;;;;;;;;;;;;;;;;;;;
;mon_meet_S_pVampLord_0004;;mon_meet_pc_pVampLord;;line;1000;meet_pVampLord;TRUE;ini;;Усилься до предела. И этого окажется мало.;You shall never reach the end.;;;;;;;;;;;;;;;;;;;;;;;;;;;;;;;;;;;;;;;;;;;;;;;;;;;;;;;;;;;;;;;;;;;;;;;;;;;;;;
;mon_meet_S_pVampLord_0005;;mon_meet_pc_pVampLord;;line;1000;meet_pVampLord;TRUE;ini;;Внутренние Круги останутся тебе закрыты.;You will never reach the inner circles.;;;;;;;;;;;;;;;;;;;;;;;;;;;;;;;;;;;;;;;;;;;;;;;;;;;;;;;;;;;;;;;;;;;;;;;;;;;;;;
;mon_meet_S_pVampLord_0006;;mon_meet_pc_pVampLord;;line;1000;meet_pVampLord;TRUE;ini;;Моё присутствие — твой барьер.;You're not passing through me.;;;;;;;;;;;;;;;;;;;;;;;;;;;;;;;;;;;;;;;;;;;;;;;;;;;;;;;;;;;;;;;;;;;;;;;;;;;;;;
;mon_meet_S_pVampLord_0007;;mon_meet_pc_pVampLord;;line;1001;meet_pVampLord;TRUE;ini;;Как бы ни были сильны твои усилия, они иссякнут.;Try as hard as you like, you shall never win.;;;;;;;;;;;;;;;;;;;;;;;;;;;;;;;;;;;;;;;;;;;;;;;;;;;;;;;;;;;;;;;;;;;;;;;;;;;;;;
;mon_meet_S_pVampLord_0008;;mon_meet_pc_pVampLord;;line;1002;meet_pVampLord;TRUE;ini;;Нам суждено встретиться вновь, смертный.;I'll be seeing you again, mortal.;;;;;;;;;;;;;;;;;;;;;;;;;;;;;;;;;;;;;;;;;;;;;;;;;;;;;;;;;;;;;;;;;;;;;;;;;;;;;;
;mon_hpdrop80_S_pVampLord_0001;;mon_hp_drop_80_pVampLord;;line;1000;monhp80_pVampLord;TRUE;ini;;Это всего лишь царапина.;A mere flesh wound.;;;;;;;;;;;;;;;;;;;;;;;;;;;;;;;;;;;;;;;;;;;;;;;;;;;;;;;;;;;;;;;;;;;;;;;;;;;;;;
;mon_hpdrop80_S_pVampLord_0002;;mon_hp_drop_80_pVampLord;;line;1000;monhp80_pVampLord;TRUE;ini;;Всего лишь рана — только плоть задета.;You think you have a chance, mortal?;;;;;;;;;;;;;;;;;;;;;;;;;;;;;;;;;;;;;;;;;;;;;;;;;;;;;;;;;;;;;;;;;;;;;;;;;;;;;;
;mon_hpdrop60_S_pVampLord_0001;;mon_hp_drop_60_pVampLord;;line;1000;monhp60_pVampLord;TRUE;ini;;Не одолеть тебе меня.;You will never defeat me.;;;;;;;;;;;;;;;;;;;;;;;;;;;;;;;;;;;;;;;;;;;;;;;;;;;;;;;;;;;;;;;;;;;;;;;;;;;;;;
;mon_hpdrop40_S_pVampLord_0001;;mon_hp_drop_40_pVampLord;;line;1000;monhp40_pVampLord;TRUE;ini;;Впереди тебя ждут новые стражи, смертный.;There are far more guardians past me, mortal.;;;;;;;;;;;;;;;;;;;;;;;;;;;;;;;;;;;;;;;;;;;;;;;;;;;;;;;;;;;;;;;;;;;;;;;;;;;;;;
;mon_hpdrop20_S_pVampLord_0001;;mon_hp_drop_20_pVampLord;;line;1000;monhp20_pVampLord;TRUE;ini;;Ты лишь у самого входа, смертный. Поражение уже ждёт.;This is merely the outer circle, mortal. You will lose.;;;;;;;;;;;;;;;;;;;;;;;;;;;;;;;;;;;;;;;;;;;;;;;;;;;;;;;;;;;;;;;;;;;;;;;;;;;;;;
;mon_meet_S_Shr2_ShielderElite_0001;;mon_meet_pc_pShieElit;;line;1000;meet_pShieElit;TRUE;ini;;Эй, чё ты тут забыл, приятель!;;;;;;;;;;;;;;;;;;;;;;;;;;;;;;;;;;;;;;;;;;;;;;;;;;;;;;;;;;;;;;;;;;;;;;;;;;;;;;;
;mon_meet_S_Shr2_ShielderElite_0002;;mon_meet_pc_pShieElit;;line;1001;meet_pShieElit;TRUE;ini;;Может, свалишь отсюда, смертный?;;;;;;;;;;;;;;;;;;;;;;;;;;;;;;;;;;;;;;;;;;;;;;;;;;;;;;;;;;;;;;;;;;;;;;;;;;;;;;;
;mon_meet_S_Shr2_ShielderElite_0003;;mon_meet_pc_pShieElit;;line;1002;meet_pShieElit;TRUE;ini;;Тебе повезло, что я во Внешнем Круге, смертный!;;;;;;;;;;;;;;;;;;;;;;;;;;;;;;;;;;;;;;;;;;;;;;;;;;;;;;;;;;;;;;;;;;;;;;;;;;;;;;;
;mon_meet_S_Shr2_ShielderElite_0004;;mon_meet_pc_pShieElit;;line;1003;meet_pShieElit;TRUE;ini;;Смертный, ты опять смеешь меня вызывать?;;;;;;;;;;;;;;;;;;;;;;;;;;;;;;;;;;;;;;;;;;;;;;;;;;;;;;;;;;;;;;;;;;;;;;;;;;;;;;;
;mon_meet_S_Shr2_ShielderElite_0005;;mon_meet_pc_pShieElit;;line;1004;meet_pShieElit;TRUE;ini;;Эй, приятель, я думал, нас Барон зовёт!;;;;;;;;;;;;;;;;;;;;;;;;;;;;;;;;;;;;;;;;;;;;;;;;;;;;;;;;;;;;;;;;;;;;;;;;;;;;;;;
;mon_meet_S_Shr2_ShielderElite_0006;;mon_meet_pc_pShieElit;;line;1004;meet_pShieElit;TRUE;ini;;Хватит ковыряться в алтаре-портале, приятель!;;;;;;;;;;;;;;;;;;;;;;;;;;;;;;;;;;;;;;;;;;;;;;;;;;;;;;;;;;;;;;;;;;;;;;;;;;;;;;;
;mon_meet_S_Shr2_ShielderElite_0006;;mon_meet_pc_pShieElit;;line;1005;meet_pShieElit;TRUE;ini;;Прекратишь трогать тот алтарь, приятель?;;;;;;;;;;;;;;;;;;;;;;;;;;;;;;;;;;;;;;;;;;;;;;;;;;;;;;;;;;;;;;;;;;;;;;;;;;;;;;;
;mon_meet_S_Shr2_ShielderElite_0007;;mon_meet_pc_pShieElit;;line;1002;meet_pShieElit;TRUE;ini;;Моя полная мощь — во внутренних Кругах, там ты её и увидишь!;;;;;;;;;;;;;;;;;;;;;;;;;;;;;;;;;;;;;;;;;;;;;;;;;;;;;;;;;;;;;;;;;;;;;;;;;;;;;;;
;mon_meet_S_Shr2_ShielderElite_war_0001;is_char_war;mon_meet_pc_pShieElit;;line;1;meet_pShieElit;TRUE;ini;;Эй, а это что, твоя праправнучка?;;;;;;;;;;;;;;;;;;;;;;;;;;;;;;;;;;;;;;;;;;;;;;;;;;;;;;;;;;;;;;;;;;;;;;;;;;;;;;;
;mon_hpdrop80_S_pShieElit_0001;;mon_hp_drop_80_pShieElit;;line;1000;monhp80_pShieElit;TRUE;ini;;Эй!;;;;;;;;;;;;;;;;;;;;;;;;;;;;;;;;;;;;;;;;;;;;;;;;;;;;;;;;;;;;;;;;;;;;;;;;;;;;;;;
;mon_hpdrop80_S_pShieElit_0001;;mon_hp_drop_80_pShieElit;;line;1000;monhp80_pShieElit;TRUE;ini;;Эй!;;;;;;;;;;;;;;;;;;;;;;;;;;;;;;;;;;;;;;;;;;;;;;;;;;;;;;;;;;;;;;;;;;;;;;;;;;;;;;;
;mon_hpdrop80_S_pShieElit_war_0001;is_char_war;mon_hp_drop_80_pShieElit;;line;1;monhp80_pShieElit;TRUE;ini;;Эй, чего ты старика так обижаешь?;;;;;;;;;;;;;;;;;;;;;;;;;;;;;;;;;;;;;;;;;;;;;;;;;;;;;;;;;;;;;;;;;;;;;;;;;;;;;;;
;mon_hpdrop60_S_pShieElit_0001;;mon_hp_drop_60_pShieElit;;line;1000;monhp60_pShieElit;TRUE;ini;;Осторожнее, приятель!;;;;;;;;;;;;;;;;;;;;;;;;;;;;;;;;;;;;;;;;;;;;;;;;;;;;;;;;;;;;;;;;;;;;;;;;;;;;;;;
;mon_hpdrop40_S_pShieElit_0001;;mon_hp_drop_40_pShieElit;;line;1000;monhp40_pShieElit;TRUE;ini;;Может, подойдёшь чутка ближе, приятель?;;;;;;;;;;;;;;;;;;;;;;;;;;;;;;;;;;;;;;;;;;;;;;;;;;;;;;;;;;;;;;;;;;;;;;;;;;;;;;;
;mon_hpdrop40_S_pShieElit_0002;;mon_hp_drop_40_pShieElit;;line;1000;monhp40_pShieElit;TRUE;ini;;Ну давай, подойди ещё чуть-чуть!;;;;;;;;;;;;;;;;;;;;;;;;;;;;;;;;;;;;;;;;;;;;;;;;;;;;;;;;;;;;;;;;;;;;;;;;;;;;;;;
;mon_hpdrop20_S_pShieElit_0001;;mon_hp_drop_20_pShieElit;;line;1000;monhp20_pShieElit;TRUE;ini;;Я ж мёртвый, приятель!;;;;;;;;;;;;;;;;;;;;;;;;;;;;;;;;;;;;;;;;;;;;;;;;;;;;;;;;;;;;;;;;;;;;;;;;;;;;;;;
;mon_hpdrop20_S_pShieElit_0002;;mon_hp_drop_20_pShieElit;;line;1000;monhp20_pShieElit;TRUE;ini;;Да меня же тут убиваешь!;;;;;;;;;;;;;;;;;;;;;;;;;;;;;;;;;;;;;;;;;;;;;;;;;;;;;;;;;;;;;;;;;;;;;;;;;;;;;;;
;mon_hpdrop20_S_pShieElit_war_0001;is_char_war;mon_hp_drop_20_pShieElit;;line;1;monhp20_pShieElit;TRUE;ini;;Это же неуважительно!;;;;;;;;;;;;;;;;;;;;;;;;;;;;;;;;;;;;;;;;;;;;;;;;;;;;;;;;;;;;;;;;;;;;;;;;;;;;;;;
