n/a;code;condition;event;#eventalt;ini;type;prio;group;reuse;speaker;voice;#;English(en);Bulgarian(bg)
;emp_M_0001;;lvl_core_emp;;pc;vn;1;;FALSE;Fates;empA_M_0001_A;;Ну и ну, вот это любопытно! Твоя судьба настолько переплетена с самим Временем, что прочесть её, герой, совсем непросто.;
;~;;;;;;;;;Fates;empA_M_0001_B;;Провалишься? Преуспеешь? Или, может, это будет что-то другое?;
;~;;;;;;;;;Fates;empA_M_0001_C;;Ой, прости! Они для тебя ещё не подоспели. Но было бы жаль увидеть твой провал. Может, мы немножко.. подправим цифры?;
;emp_M_0002;;lvl_core_emp;;pc;vn;2;;FALSE;Fates;empA_M_0002_A;;Мы, кажется, не представились в прошлый раз. Мы — Мойры.;
;~;;;;;;;;;Fates;empA_M_0002_B;;Кло, соня, прядёт нити жизни. Лахи их измеряет и всякую такую скуку. А я, Айса, — цык-цык ножницами, когда придёт срок!;
;~;;;;;;;;;Aisa;empA_M_0002_C;;У меня самая весёлая работа! Правда, утомляет провожать их всех.. вечно, навсегда и навсегда... Но, может, именно ты положишь этому конец, кто знает?;
;emp_S_0001;;lvl_emp;;pc;vn;1000;;TRUE;Aisa;empA_S_0001;;Помочь тебе? Ну, вообще-то мы и не помогаем тебе. Это твоя собственная судьба. Шьёшь её ты, а мы просто.. присматриваем, если хочешь.;
;emp_S_0007;;lvl_emp;;pc;vn;1001;;TRUE;Aisa;empA_S_0007;;Ну, может, в этот раз попробуешь подойти иначе? Но, впрочем, это твоя судьба…;
;emp_S_0008;;lvl_emp;;pc;vn;1001;;TRUE;Lachi;empA_S_0008;;Э-э, время у тебя ведь не заканчивается, так что может, стоит.. эм.. немного поэкспериментировать с этим вот замкнутым кругом судьбы?;
;emp_S_0009;;lvl_emp;;pc;vn;1001;;TRUE;Aisa;empA_S_0009;;А ты правда думаешь, что можешь убить Смерть? У нас ведь нет нити на него.;
;emp_S_0013;;lvl_emp;;pc;vn;1003;;FALSE;Lachi;empL_S_0013_A;;Э-эй, если это опять будет нечто в духе Сизифа, может, мы могли бы.. эм, ну… п-провести часть этой вечности вместе...;
;~;;;;;;;;;Aisa;empA_S_0013_B;;Фу, не обращай внимания на сестру, она просто спросила.. эм, что-то совсем другое, не то, что тебе могло послышаться! Какая-то путаница со шкалой времени.;
;~;;;;;;;;;Aisa;empA_S_0013_C;;Вернёмся к этой шкале времени, ладно?;
;emp_S_0014;;lvl_emp;;pc;vn;1001;;TRUE;Aisa;empA_S_0014;;Вечность как у Сизифа? Нет, его нить мы храним в бесконечном сундуке. Твоя просто вечно меняется, но.. ну, по крайней мере, пока она выглядит конечной, на мой взгляд.;
;emp_S_0016;;lvl_emp;;pc;vn;1001;;TRUE;Lachi;empL_S_0016;;Выбираешь ты, я лишь измеряю.;
;emp_S_0017;;lvl_emp;;pc;vn;1001;;TRUE;Lachi;empL_S_0017;;Д-дай-ка я прочту, ч-что сулит тебе твоя судьба..;
;emp_S_0019;;lvl_emp;;pc;vn;1002;;TRUE;Aisa;empA_S_0019_A;;Хватит при-Лахиваться к их судьбе, сестрёнка! И хватит раздавать советы, это их чёртова нить!;
;~;;;;;;;;;Lachi;empL_S_0019_B;;Кто бы говорил, ты сама ни на минуту не замолкаешь со своими подсказками!;
;emp_S_0020;;lvl_emp;;pc;vn;1001;;TRUE;Lachi;empL_S_0020;;Эм, может, тебе стоит налево.;
;emp_S_0021;;lvl_emp;;pc;vn;1001;;TRUE;Lachi;empL_S_0021;;О, п-привет! Эм, эм, тебе направо!;
;emp_S_0023;;lvl_emp;;pc;vn;1002;;FALSE;Aisa;empA_S_0023_A;;(Тьфу, Лахи, они тебе нравятся только потому, что ты не можешь прочесть их будущее!);
;~;;;;;;;;;Lachi;empL_S_0023_B;;И что?! Это.. Ой, а. Привет. Эм.;
;~;;;;;;;;;Aisa;empA_S_0023_C;;Выбирай, герой, не обращай внимания на мою сестру.;
;emp_S_0026;;lvl_emp;;pc;vn;1001;;TRUE;Clo;empC_S_0026;;(Только.. дайте мне поспать, ладно..); 
;emp_S_0028;;lvl_emp;;pc;vn;1001;;TRUE;Lachi;empL_S_0028;;У меня от тебя голова кружится, это так.. пьяняще! Интересно, что ты выберешь следующим шагом!;
;emp_S_0029;;lvl_emp;;pc;vn;1001;;TRUE;Lachi;empL_S_0029;;Знаешь, у тебя вагон времени. Задание может подождать.. в-целую вечность. Но.. эм... вид у тебя очень решительный.;
;emp_S_0044;;lvl_emp;;pc;vn;1001;;TRUE;Clo;empC_S_0044;;(Уже не конец?... Выбирай.. путь.. герой.. хватит.. терять время..);
;emp_S_0045;;lvl_emp;;pc;vn;1003;;TRUE;Clo;empC_S_0045;;(Ну.. помиритесь... уже наконец..);
;emp_S_0046;;lvl_emp;;pc;vn;1002;;TRUE;Clo;empC_S_0046;;(…);
;emp_S_0047;;lvl_emp;;pc;vn;1002;;TRUE;Clo;empC_S_0047;;(Это.. ещё продолжается?..);
;emp_S_0049;;lvl_emp;;pc;vn;1001;;TRUE;Aisa;empA_S_0049;;Куда путь?;
;emp_S_0050;;lvl_emp;;pc;vn;1001;;TRUE;Aisa;empA_S_0050;;Налево или направо?;
;emp_S_0051;;lvl_emp;;pc;vn;1001;;TRUE;Aisa;empA_S_0051;;Выбирай.;
;emp_S_0052;;lvl_emp;;pc;vn;1001;;TRUE;Aisa;empA_S_0052;;Цык, цык, цык!;
;emp_S_0053;;lvl_emp;;pc;vn;1001;;TRUE;Aisa;empA_S_0053;;Только ты куёшь свою судьбу.;
;emp_S_0054;;lvl_emp;;pc;vn;1001;;TRUE;Aisa;empA_S_0054;;Куда теперь?;
;emp_S_0055;;lvl_emp;;pc;vn;1001;;TRUE;Aisa;empA_S_0055;;Не теряй веры!; 
;emp_S_0056;;lvl_emp;;pc;vn;1001;;TRUE;Lachi;empL_S_0056;;Эмм.. что ты выберешь?;
;emp_S_0057;;lvl_emp;;pc;vn;1001;;TRUE;Lachi;empL_S_0057;;Ты для меня.. сплошная загадка.; 
;emp_S_0058;;lvl_emp;;pc;vn;1001;;TRUE;Lachi;empL_S_0058_ALT;;Ох, как же это у-увлекательно!; 
;emp_S_0059;;lvl_emp;;pc;vn;1001;;TRUE;Lachi;empL_S_0059;;Что будешь делать теперь?; 
;emp_S_0060;;lvl_emp;;pc;vn;1001;;TRUE;Lachi;empL_S_0060;;Э-эй, эй!; 
;emp_S_0061;;lvl_emp;;pc;vn;1001;;TRUE;Clo;empC_S_0061;;(Дайте поспать..);
;emp_S_0062;;lvl_emp;;pc;vn;1001;;TRUE;Clo;empC_S_0062;;(..обрезать нить покороче?);
;emp_hbven_S_0002;has_boon_ven;lvl_emp;;pc;vn;1000;emp_hbven;TRUE;Lachi;empL_hbven_S_0002_A;;Огонь, вообще-то, весьма предсказуем. Эм.. о-он всегда делает одно и то же.; 
;~;;;;;;;;;Aisa;empA_hbven_S_0002_B;;Как и наша Лето — вечно заботится о вас, смертных.; 
;emp_hbtim_S_0002;has_boon_tim;lvl_emp;;pc;vn;1000;emp_hbtim;FALSE;Lachi;empL_hbtim_S_0002_A;;Мы не можем прочесть Время.. так что эм.. он меня немного пугает.;
;~;;;;;;;;;Aisa;empA_hbtim_S_0002_B;;Да ты своей тени боишься! Не обращай внимания на мою сестру, ей не нравится всё, чего она не может предвидеть.;
;~;;;;;;;;;Lachi;empL_hbtim_S_0002_C;;Это неправда!! Я обожа-;
;~;;;;;;;;;Aisa;empA_hbtim_S_0002_D;;Исключение! Аномалия. Это не всерьёз. Ты не можешь чувствовать настоящее.;
;~;;;;;;;;;Lachi;empL_hbtim_S_0002_E;;Но я-;
;~;;;;;;;;;Aisa;empA_hbtim_S_0002_F;;О, привет, герой! Кажется, мы чуть не забыли, что ты здесь. Так куда ты держишь путь?;
;con_M_0001;;lvl_core_con;;pc;vn;1;;FALSE;Conquest0;con_M_0001;;Герой, я поручаю тебе победить Смерть. В награду дарую тебе свою силу. Теперь подчиняйся!;
;con_S_0001;;lvl_con;;pc;vn;1004;;TRUE;Conquest;con_S_0001;;Что лучше всего в жизни, герой? Сокрушить врагов своих.;
;con_S_0002;;lvl_con;;pc;vn;1004;;TRUE;Conquest;con_S_0002;;Доверяй лишь стали в своих руках, герой!;
;con_S_0003;;lvl_con;;pc;vn;1004;;TRUE;Conquest;con_S_0003;;Завоевание и Слава!;
;con_S_0004;;lvl_con;;pc;vn;1004;;TRUE;Conquest;con_S_0004;;Не дрогни! Слабые — бегут.;
;con_S_0005;;lvl_con;;pc;vn;1004;;TRUE;Conquest;con_S_0005;;В тебе столько решимости. Это я одобряю!;
;con_S_0006;;lvl_con;;pc;vn;1004;;TRUE;Conquest;con_S_0006;;Помни о нашей сделке. Не подведи меня, смертный.;
;con_S_0007;;lvl_con;;pc;vn;1004;;TRUE;Conquest;con_S_0007;;Я даровал тебе огромную силу — в самом Владении Смерти. Жду результатов!;
;con_S_0008;;lvl_con;;pc;vn;1004;;TRUE;Conquest;con_S_0008;;Если бы я сражался рядом с тобой…;
;con_S_0009;;lvl_con;;pc;vn;1001;;TRUE;Conquest;con_S_0009;;Хочешь узнать мою цель? К чёрту! Смертный, который канючит у богов, — не более чем червь под их ногами!;
;con_S_0012;;lvl_con;;pc;vn;1004;;TRUE;Conquest;con_S_0012;;Хватит болтать! Исполни свой долг передо мной, смертный.;
;con_S_0013;;lvl_con;;pc;vn;1004;;TRUE;Conquest;con_S_0013;;Смерть Смерти!;
;con_S_0014;;lvl_con;;pc;vn;1004;;TRUE;Conquest;con_S_0014;;Смерть должна умереть!;
;con_S_0015;;lvl_con;;pc;vn;1004;;TRUE;Conquest;con_S_0015;;В бой!; 
;con_S_0016;;lvl_con;;pc;vn;1000;;TRUE;Conquest;con_S_0016;;Не смей переходить мне дорогу!; 
;con_S_0017;;lvl_con;;pc;vn;1000;;TRUE;Conquest;con_S_0017;;Ах, смертный с отвагой! Посмотрим, дороже ли ты грязи, по которой топчешься!; 
;con_S_0018;;lvl_con;;pc;vn;1000;;TRUE;Conquest;con_S_0018;;Путь к победе усеян павшими.; 
;con_S_0019;;lvl_con;;pc;vn;1004;;TRUE;Conquest;con_S_0019;;Вперёд!; 
;con_S_0020;;lvl_con;;pc;vn;1004;;TRUE;Conquest;con_S_0020;;Время убивать!; 
;con_S_0021;;lvl_con;;pc;vn;1004;;TRUE;Conquest;con_S_0021;;Слушай меня и подчиняйся!; 
;con_S_0022;;lvl_con;;pc;vn;1004;;TRUE;Conquest;con_S_0022;;Пора окрасить поле боя в красный!; 
;con_S_0023;;lvl_con;;pc;vn;1004;;TRUE;Conquest;con_S_0023;;Пусть дрогнет земля!; 
;con_S_0025;;lvl_con;;pc;vn;1002;;TRUE;Conquest;con_S_0025;;Вечный азарт битвы! Ах, вот это жизнь, смертный.;
;con_S_0026;;lvl_con;;pc;vn;1004;;TRUE;Conquest;con_S_0026;;Никакой пощады!;
;con_S_0027;;lvl_con;;pc;vn;1004;;TRUE;Conquest;con_S_0027;;Мне нравится твоё упорство, смертный. Но придётся добиться большего, чтобы заслужить моё уважение!;
;con_S_0028;;lvl_con;;pc;vn;1003;;TRUE;Conquest;con_S_0028;;Бог войны только один. Не забывай об этом, если метишь выше.;
;con_S_0029;;lvl_con;;pc;vn;1002;;TRUE;Conquest;con_S_0029;;Помни: без меня ты ничто.;
;con_S_0030;;lvl_con;;pc;vn;1004;;TRUE;Conquest;con_S_0030;;Война — единственный настоящий жнец.;
;con_S_0031;;lvl_con;;pc;vn;1002;;TRUE;Conquest;con_S_0031;;Война никогда не меняется.;
;con_hbemp_S_0001;has_boon_emp;lvl_con;;pc;vn;1001;con_hbemp;TRUE;Conquest;con_hmph;;И ты теперь куёшь себе путь сам? Только не говори мне о Мойрах. Назойливые маленькие проказницы.;
;con_hbemp_S_0002;has_boon_emp;lvl_con;;pc;vn;1000;con_hbemp;TRUE;Conquest;con_hbemp_S_0002;;Осторожнее с судьбой, смертный. Вы всего лишь люди. Боги диктуют ваши пути. Не вы. И не эти мерзкие всезнайки.;
;con_hbemp_S_0003;has_boon_emp;lvl_con;;pc;vn;1001;con_hbemp;TRUE;Conquest;con_laugh6;;Ты выберешь собственную Судьбу вопреки богам? Глупость. Но у нас уговор. Выбирай, смертный.;
;con_hbven_S_0001;has_boon_ven;lvl_con;;pc;vn;1001;con_hbven;TRUE;Conquest;con_laugh5;;Лето — куда более свирепая женщина, чем её сестра. И огонь, и кровь — оба на твоей стороне.;
;con_hbmor_S_0001;has_boon_mor;lvl_con;;pc;vn;1001;con_hbmor;TRUE;Conquest;con_hbmor_S_0001;;Ты позволишь этой змее зашептать в своё ухо и принять её милость? Дочь самой Смерти метит на его место. Ха!;
;~;;;;;;;;;Conquest;con_hbmor_S_0002;;Посмотрим, кто в итоге завоюет трон из черепов, женщина.;
;con_hbser_S_0002;has_boon_ser;lvl_con;;pc;vn;1000;con_hbser;TRUE;Conquest;con_hbser_S_0002;;Подарок от самой Зимы. Так ты собираешься осаждать, а не биться в открытую? Трусость. Сейчас покажу, как это делает настоящий воин!;
;con_hbtim_S_0001;has_boon_tim;lvl_con;;pc;vn;1000;con_hbtim;TRUE;Conquest;con_laugh4;;Ничего не замечающее Время дарит мне шанс размозжить Смерти череп. Прекрасно, когда есть свой человек внутри, не так ли? Честь — для людей, смертный. Боги завоёвывают любыми средствами.;
;con_hbjus_S_0002;has_boon_jus;lvl_con;;pc;vn;1001;con_hbjus;TRUE;Conquest;con_hbjus_S_0002;;На поле боя нет Справедливости.;
;con_hbjus_S_0003;has_boon_jus;lvl_con;;pc;vn;1001;con_hbjus;TRUE;Conquest;con_hbjus_S_0003;;Справедливость лучше всего вершить мечом палача.;
;con_hbjus_S_0004;has_boon_jus;lvl_con;;pc;vn;1001;con_hbjus;TRUE;Conquest;con_hbjus_S_0004;;Пусть Леди пишет свой приговор чернилами, а мы прольём его кровью.;
;ven_M_0001;;lvl_core_ven;;pc;vn;1;;FALSE;Vengeance0;ven_M_0001_A;;Эй, это ведь тебе Время вручил свои песочные часы, да?;
;~;;;;;;;;FALSE;Vengeance0;ven_M_0001_B;;Ну, что бы это ни было, — я всегда первая, кто помогает смертным! Так что позволь подставить плечо!;
;ven_M_0002;;lvl_core_ven;;pc;vn;2;;FALSE;Vengeance;ven_M_0002;;О, я, кстати, Лето. Богиня всего горячего — огонь, вулканы, ну, ты понял.;
;ven_S_0001;;lvl_ven;;pc;vn;1000;;TRUE;Vengeance;ven_S_0001;;Дай им почувствовать жар. Ну, тем из них, кто способен.;
;ven_S_0002;;lvl_ven;;pc;vn;1003;;TRUE;Vengeance;ven_S_0002;;Поддавай жару!;
;ven_S_0003;;lvl_ven;;pc;vn;1003;;TRUE;Vengeance;ven_S_0003;;Огоньку не нужно?;
;ven_S_0004;;lvl_ven;;pc;vn;1003;;TRUE;Vengeance;ven_S_0004;;Пылает!;
;ven_S_0005;;lvl_ven;;pc;vn;1000;;FALSE;Vengeance;ven_S_0005;;Хаос был бы в восторге! Эх, если бы они могли это увидеть..;
;ven_S_0006;;lvl_ven;;pc;vn;1003;;TRUE;Vengeance;ven_S_0006;;Обожаю твою настойчивость!;
;ven_S_0008;;lvl_ven;;pc;vn;1002;;TRUE;Vengeance;ven_S_0008;;Опять это «зачем»? Я всегда помогала смертным — как думаешь, кто подарил им огонь?;
;ven_S_0009;;lvl_ven;;pc;vn;1001;;TRUE;Vengeance; ven_S_0009;;Почему я это делаю? Что, теперь ещё и причина нужна, чтобы что-нибудь поджечь?;
;ven_S_0010;;lvl_ven;;pc;vn;1003;;TRUE;Vengeance;ven_S_0010;;Здесь так зябко. Давай-ка поскорее закончим.;
;ven_S_0011;;lvl_ven;;pc;vn;1003;;TRUE;Vengeance;ven_S_0011;;Вся моя семья — сплошной холод. Зато я — просто огонь.;
;ven_S_0012;;lvl_ven;;pc;vn;1003;;TRUE;Vengeance;ven_S_0012;;Пусть он почувствует жар!;
;ven_S_0013;;lvl_ven;;pc;vn;1003;;TRUE;Vengeance;ven_S_0013;;Теплеет!;
;ven_S_0014;;lvl_ven;;pc;vn;1003;;TRUE;Vengeance;ven_S_0014;;Что выбираешь, смельчак?;
;ven_S_0015;;lvl_ven;;pc;vn;1003;;TRUE;Vengeance;ven_S_0015;;Мне вообще-то всё равно, что тут творится, я просто слежу за твоей историей, знаешь!;
;ven_S_0016;;lvl_ven;;pc;vn;1003;;TRUE;Vengeance;ven_S_0016;;Ты умеешь не сдаваться, ничего не скажешь.;
;ven_S_0017;;lvl_ven;;pc;vn;1003;;TRUE;Vengeance;ven_S_0017;;Кости — в пепел!;
;ven_S_0018;;lvl_ven;;pc;vn;1003;;TRUE;Vengeance;ven_S_0018;;Разогрелись!;
;ven_S_0019;;lvl_ven;;pc;vn;1000;;TRUE;Vengeance;ven_S_0019;;Какая же легенда без огня и вселенского хаоса?; 
;ven_S_0020;;lvl_ven;;pc;vn;1003;;TRUE;Vengeance;ven_S_0020;;Тебе этого, конечно, не занимать, но немного жару не помешает.;
;ven_S_0021;;lvl_ven;;pc;vn;1003;;TRUE;Vengeance;ven_S_0021;;Просто следуй зову сердца.;
;ven_S_0022;;lvl_ven;;pc;vn;1003;;TRUE;Vengeance;ven_S_0022;;О, привет!;
;ven_S_0023;;lvl_ven;;pc;vn;1003;;TRUE;Vengeance;ven_S_0023;;Да ты в огне!;
;ven_S_0024;;lvl_ven;;pc;vn;1003;;TRUE;Vengeance;ven_S_0024;;Лето пришло!;
;ven_S_0025;;lvl_ven;;pc;vn;1003;;TRUE;Vengeance;ven_S_0025;;Я — поджигатель!;
;ven_S_0026;;lvl_ven;;pc;vn;1003;;TRUE;Vengeance;ven_S_0026;;Играешь с огнём, да?;
;ven_S_0027;;lvl_ven;;pc;vn;1003;;TRUE;Vengeance;ven_S_0027;;Осторожно, я горячая!;
;ven_hbser_S_0001;has_boon_ser;lvl_ven;;pc;vn;1000;ven_hbser;TRUE;Vengeance;ven_hbser_S_0001;;Тебе правда нужна помощь Зимы? Я разве недостаточно хороша?; 
;ven_hbser_S_0002;has_boon_ser;lvl_ven;;pc;vn;1000;ven_hbser;TRUE;Vengeance;ven_hbser_S_0002;;О, дары моей сестры. Ладно, хорошо, видимо, изредка нужно и остывать. Не быть же вечно раскалённой, как я.;
;ven_hbser_S_0003;has_boon_ser;lvl_ven;;pc;vn;1000;ven_hbser;TRUE;Vengeance;ven_hbser_S_0003;;Мои дары куда круче, чем у Зимы.;
;ven_hbser_S_0004;has_boon_ser;lvl_ven;;pc;vn;1001;ven_hbser;TRUE;Vengeance;ven_hbser_S_0004;;Лето ты предпочитаешь зиме, правда?;
;ven_hbser_S_0005;has_boon_ser;lvl_ven;;pc;vn;1001;ven_hbser;FALSE;Vengeance;ven_hbser_S_0005_A;;Я ведь думала, что и Зима меня прикроет… А потом она предала меня! Родную сестру!;
;~;;;;;;;;;~;ven_hbser_S_0005_B;;…И это лишь верхушка того айсберга…;
;ven_hbtim_S_0001;has_boon_tim;lvl_ven;;pc;vn;1000;ven_hbtim;TRUE;Vengeance;ven_hbtim_S_0001;;Время бывает немного унылым, лучше развлекись — поиграй с огнём!;
;ven_hbtim_S_0002;has_boon_tim;lvl_ven;;pc;vn;1000;ven_hbtim;TRUE;Vengeance;ven_hbtim_S_0002;;Время — это сплошные правила вселенной, но даже они решили подсобить парой благословений, да?;
;ven_hbjus_S_0001;has_boon_jus;lvl_ven;;pc;vn;1000;ven_hbjus;FALSE;Vengeance;ven_hbjus_S_0001;;Проблема закона в том, что у него нет сердца. Мне уже доводилось отвечать перед Справедливостью за свои поступки, и я бы сделала это снова.;
;ven_hbjus_S_0004;has_boon_jus;lvl_ven;;pc;vn;1009;ven_hbjus;FALSE;Vengeance;ven_hbjus_S_0004;;Когда встанешь лицом к лицу со Смертью, делай то, что считаешь правильным <b>ты</b>, а не то, чего хотят <b>они</b>!;
;mor_M_0001;;lvl_core_mor;;pc;vn;1;;FALSE;Mort0;mor_M_0001_A;;Столько помощи от остальных уже собрано, да? Но он наверняка не ждёт, что его же орудия обратятся против него. Я могу присоединиться?;
;~;;;;;;;;;Mort;mor_M_0001_B;;Да, я Морт, дочь Смерти. Но, тем не менее, я очень хочу увидеть его поверженным. Личные причины.;
;mor_S_0002;;lvl_mor;;pc;vn;1004;;TRUE;Mort;mor_curious;;Мне до жути любопытно, зачем помогают остальные. Но, пожалуй, спрошу как-нибудь в другой раз, у тебя, похоже, полно дел.;
;mor_S_0003;;lvl_mor;;pc;vn;1000;;TRUE;Mort;mor_S_0003;;Нужен серп против Косы? Серпы, вообще-то, эффективнее.;
;mor_S_0004;;lvl_mor;;pc;vn;1007;;TRUE;Mort;mor_huh;;Зачем я хочу, чтобы мой отец встретился со смертью, — не твоё дело.;
;mor_S_0005;;lvl_mor;;pc;vn;1008;;TRUE;Mort;mor_hmmmm3;;Ну, если тебе непременно нужно знать, считай это уроком воспитания. Ему надо вбить в голову немного здравого смысла.;
;mor_S_0006;;lvl_mor;;pc;vn;1001;;TRUE;Mort;mor_S_0006;;Я? На его трон? Нет. Хотя, если бы он мог хоть ненадолго устроить перерыв и разок выслушать.. было бы здорово.;
;mor_S_0009;;lvl_mor;;pc;vn;1002;;TRUE;Mort;mor_S_0009;;Знаешь, некоторые говорят: Смерть — это только начало? На достаточно долгой шкале времени это правда. Жаль лишь, что отец не хочет этого видеть..;
;mor_S_0010;;lvl_mor;;pc;vn;1003;;TRUE;Mort;mor_S_0010;;Они там просто сидят. В урнах! Целую вечность! А он не понимает. Он просто не понимает жизни и смерти, понимаешь.;
;mor_S_0012;;lvl_mor;;pc;vn;1002;;TRUE;Mort; mor_ahaa;;Интересно было видеть Время в таком замешательстве. Оно ведь никогда раньше не общалось со смертными.;
;mor_S_0013;;lvl_mor;;pc;vn;1000;;TRUE;Mort;mor_S_0013;;Жнец не прислушивается к жатве. Так что, пожалуй, давно пора начать.;
;mor_S_0016;;lvl_mor;;pc;vn;1006;;TRUE;Mort;mor_S_0016;;В вас, смертных, живёт такая искра. Мой отец никогда не мог её разглядеть…;
;mor_S_0020;;lvl_mor;;pc;vn;1004;;TRUE;Mort;mor_S_0020;;Как тебе это место? По-моему, у него есть потенциал. Правда, обычно тут куда спокойнее.;
;mor_S_0022;;lvl_mor;;pc;vn;1005;;TRUE;Mort;mor_S_0022;;Расти здесь было не так уж плохо... Но когда я выбралась наружу, я поняла, какой красочной бывает жизнь… Теперь на всё иначе смотришь.;
;mor_S_0023;;lvl_mor;;pc;vn;1006;;TRUE;Mort;mor_S_0023;;Мир без смерти!;
;mor_S_0024;;lvl_mor;;pc;vn;1002;;TRUE;Mort;mor_S_0024;;Прости, пап.;
;mor_S_0025;;lvl_mor;;pc;vn;1004;;TRUE;Mort;mor_S_0025;;Смерть — это лишь… начало.;
;mor_S_0026;;lvl_mor;;pc;vn;1006;;TRUE;Mort;mor_S_0026;;Смерть — не конец.;
;mor_hbemp_S_0005;has_boon_emp;lvl_mor;;pc;vn;1010;mor_hbemp;FALSE;Mort;mor_hmmmm;;Если можно, скажу так: порой мне кажется, что я одна из нас, богов, способна осмыслить смертность.;
;~;;;;;;;;;~;;;И всё же, думаю, Мойры понимают ваши тяготы больше, чем показывают.;
;mor_hbcon_S_0001;has_boon_con;lvl_mor;;pc;vn;1000;mor_hbcon;TRUE;Mort;mor_hiagain3;;Я верю, что Завоевание может измениться к лучшему, если он сосредоточится на своих сильных сторонах. Целеустремлённость — прекрасное качество. Хотя ты точно будешь использовать его таланты благороднее.;
;mor_hbcon_S_0002;has_boon_con;lvl_mor;;pc;vn;1000;mor_hbcon;TRUE;Mort;mor_hiagain3;;Пока сила, взятая у Завоевания, идёт на благо, полагаю, всё в порядке.;
;mor_hbven_S_0001;has_boon_ven;lvl_mor;;pc;vn;1000;mor_hbven;FALSE;Mort;mor_hmmmm2;;Лето, как всегда, первая спешит на помощь! Интересно, ведёт ли она счёт мифам смертных, в которых поучаствовала...;
;mor_hbven_S_0002;has_boon_ven;lvl_mor;;pc;vn;1000;mor_hbven;TRUE;Mort;mor_hmmmm2;;Лето всегда была ко мне очень добра. Приятно знать, что она прикроет и тебя.;
;mor_hbser_S_0001;has_boon_ser;lvl_mor;;pc;vn;1000;mor_hbser;FALSE;Mort;mor_huh;;Знаешь, с некоторыми богами стоит быть поосторожнее. Они бросят тебя, когда ты им наскучишь.;
;mor_hbser_S_0002;has_boon_ser;lvl_mor;;pc;vn;1000;mor_hbser;FALSE;Mort;mor_huh;;Мой отец никогда не был любителем поболтать, но доводил свои обязанности до конца — не то что некоторые боги.;
;~;;;;;;;;;~;;;Недавние события... из ряда вон выходящие.;
;mor_hbjus_S_0001;has_boon_jus;lvl_mor;;pc;vn;1000;mor_hbjus;FALSE;Mort;mor_iwonder3;;Ты знаешь, что Леди Справедливость сделала с Летом? Я слышала только легенды, меня тогда ещё не было. Но я бы ей не доверяла.;
;ser_M_0001;;lvl_core_ser;;pc;vn;1;;FALSE;Serenity;ser_M_0001_ALT;;Чувствуешь? Обжигающий укус мороза, чарующие объятия холода? Я — Зима, и я пришла очаровать это суровое место своей красотой.;
;ser_S_0001;;lvl_ser;;pc;vn;1002;;TRUE;Serenity;ser_S_0001;;Каждый год я неустанно творю самые великолепные пейзажи, а Смерть распугивает всех. О, если бы хоть одна зима обошлась без него…;
;ser_S_0002;;lvl_ser;;pc;vn;1000;;TRUE;Serenity;ser_S_0002;;Когда приходит моя пора, всё живое дрожит и прячется. Как смертные могут ценить мою красоту, когда над ними нависла его Коса?;
;ser_S_0003;;lvl_ser;;pc;vn;1005;;TRUE;Serenity;ser_S_0003;;Да, у нас с ним кое-что было.. Но это в прошлом. Кончилось ещё в последний ледниковый период.;
;ser_S_0005;;lvl_ser;;pc;vn;1006;;TRUE;Serenity;ser_S_0005_A;;Милый, если вдруг найдёшь там это белоснежное ожерелье.. А знаешь что, неважно, пусть оставит себе, мне-то что.;
;~;;;;;;;;;~;ser_S_0005_B;;Это было давным-давно.;
;ser_S_0006;;lvl_ser;;pc;vn;1004;;TRUE;Serenity;ser_S_0006_ALT2;;А внизу, правда, зябко, да? Хотя, по-своему, прелестно..;
;ser_S_0007;ven_M_0001;lvl_ser;;pc;vn;1001;;TRUE;Serenity;ser_S_0007;;Лето? Да, она моя сестра, и я предпочла бы её не обсуждать.;
;ser_S_0008;con_M_0001;lvl_ser;;pc;vn;1001;;TRUE;Serenity;ser_S_0008;;Смерть и правда вышла за рамки. Забирать смертных до их срока.. Леди Справедливость не обрадуется.;
;ser_S_0009;;lvl_ser;;pc;vn;1004;;TRUE;Serenity;ser_S_0009;;Посмотрим, как ему понравится вечная мерзлота в его владении!;
;ser_S_0010;;lvl_ser;;pc;vn;1007;;TRUE;Serenity;ser_S_0010;;Зима становится холоднее.;
;ser_S_0012;;lvl_ser;;pc;vn;1004;;TRUE;Serenity;ser_S_0012;;Шуба из стужи тебе, дорогуша.;
;ser_S_0013;;lvl_ser;;pc;vn;1007;;TRUE;Serenity;ser_S_0013;;Лёд — красота, верно?;
;ser_S_0014;;lvl_ser;;pc;vn;1003;;TRUE;Serenity;ser_S_0014_ALT;;Его сердце холоднее моего... а я и есть сама зима.;
;ser_S_0015;;lvl_ser;;pc;vn;1004;;TRUE;Serenity;ser_S_0015;;Когда доберёшься до Смерти, передай ему от меня привет.;
;ser_S_0016;;lvl_ser;;pc;vn;1007;;TRUE;Serenity;ser_S_0016;;Передай ему от меня привет.;
;ser_S_0017;;lvl_ser;;pc;vn;1004;;TRUE;Serenity;ser_S_0017;;Пусть холод моих прикосновений обнимет его владения.;
;ser_S_0018;;lvl_ser;;pc;vn;1007;;TRUE;Serenity;ser_S_0018;;Укрась его дом немного моим снегом, хорошо?;
;ser_S_0019;;lvl_ser;;pc;vn;1007;;TRUE;Serenity;ser_S_0019;;Вот несколько моих особенных подарков для него..;
;ser_S_0020;;lvl_ser;;pc;vn;1004;;TRUE;Serenity;ser_S_0020;;Заставь Смерть дрожать!;
;ser_S_0021;;lvl_ser;;pc;vn;1003;;TRUE;Serenity;ser_S_0021;;Я сто лет здесь не бывала. Не скажу, что место сильно изменилось.;
;ser_S_0022;;lvl_ser;;pc;vn;1007;;TRUE;Serenity;ser_S_0022;;Заморозь их насмерть!;
;ser_S_0023;;lvl_ser;;pc;vn;1007;;TRUE;Serenity;ser_S_0023;;Иней мой — на него!;
;ser_S_0024;;lvl_ser;;pc;vn;1007;;TRUE;Serenity;ser_S_0024;;Зима близко.;
;ser_S_0026;;lvl_ser;;pc;vn;1007;;TRUE;Serenity;ser_S_0026;;Хочу увидеть сердце Смерти заточённым в тюрьму изо льда.;
;ser_S_0027;;lvl_ser;;pc;vn;1003;;TRUE;Serenity;ser_S_0027;;Вы, смертные, пересекаетесь со Смертью лишь раз. А я терплю его занудную компанию целые эпохи.;
;ser_S_0028;;lvl_ser;;pc;vn;1002;;TRUE;Serenity;ser_S_0028;;Каждая снежинка — изящное доказательство моей красоты.;
;ser_S_0029;;lvl_ser;;pc;vn;1000;;FALSE;Serenity;ser_M_0002_ALT;;Не бойся, хрупкий смертный, я пришла вести тебя сквозь беду.;
;ser_hbemp_S_0001;has_boon_emp;lvl_ser;;pc;vn;1000;ser_hbemp;TRUE;Serenity;ser_hbemp_S_0001;;При всей своей наивной подаче Мойры невероятно проницательны.;
;ser_hbemp_S_0002;has_boon_emp;lvl_ser;;pc;vn;1000;ser_hbemp;TRUE;Serenity;ser_hbemp_S_0002;;Не давай Мойрам себя одурачить, дорогуша. Они куда более зоркие, чем кажутся.;
;ser_hbcon_S_0001;has_boon_con;lvl_ser;;pc;vn;1001;ser_hbcon;TRUE;Serenity;ser_hbcon_S_0001;;Благословение Крома? Дай-ка я помогу тебе это заглушить.;
;ser_hbcon_S_0002;has_boon_con;lvl_ser;;pc;vn;1002;ser_hbcon;TRUE;Serenity;ser_hbcon_S_0002;;Что тут скажешь о Кроме? Он не в своём уме, раз думает, что одолеет Смерть в дуэли.;
;ser_hbven_S_0001;has_boon_ven;lvl_ser;;pc;vn;1000;ser_hbven;FALSE;Serenity;ser_hbven_S_0001;;Сестрица, конечно, добралась до тебя первой. Она просто не может не лезть в дела смертных. Что ж, впервые она тут не единственная хитрая лисичка.;
;ser_hbven_S_0002;has_boon_ven;lvl_ser;;pc;vn;1001;ser_hbven;TRUE;Serenity;ser_hbven_S_0002;;Лето обязательно встрянет, у неё прямо зависимость от внимания!;
;ser_hbven_S_0003;has_boon_ven;lvl_ser;;pc;vn;1002;ser_hbven;TRUE;Serenity;ser_hbven_S_0003;;Я люблю Лето, но она ни секунды не задумывается о своих поступках. Думаю, ты распорядишься её силой мудрее.;
;ser_hbven_S_0004;has_boon_ven;lvl_ser;;pc;vn;1002;ser_hbven;TRUE;Serenity;ser_hbven_S_0004;;Меня всегда поражало, как смертные вроде тебя тают от мимолётного тепла моей сестры. Неужели ты не видишь кристальной элегантности и очарования зимы?;
;ser_hbmor_S_0001;has_boon_mor;lvl_ser;;pc;vn;1001;ser_hbmor;TRUE;Serenity;ser_hbmor_S_0001;;Вижу, ты носишь благословения Морт. Она очаровательна, правда? Не то что её отец.;
;ser_hbmor_S_0002;has_boon_mor;lvl_ser;;pc;vn;1000;ser_hbmor;FALSE;Serenity;ser_hbmor_S_0002;;Морт ополчилась на отца? Неудивительно. Подозреваю, он был ужасным родителем.;
;ser_hbtim_S_0001;has_boon_tim;lvl_ser;;pc;vn;1000;ser_hbtim;FALSE;Serenity;ser_hbtim_S_0001;;Часы Времени в руках смертного.. Очень необычно. Время ведь даже не разговаривает с вашим братом.;
;ser_hbtim_S_0002;has_boon_tim;lvl_ser;;pc;vn;1000;ser_hbtim;TRUE;Serenity;ser_intriguing;;Время по-настоящему разгневано Смертью. Раз оно отдал свои часы, дело совсем плохо.;
;ser_hbjus_S_0001;has_boon_jus;lvl_ser;;pc;vn;1000;ser_hbjus;TRUE;Serenity;ser_hbjus_S_0001;;Леди Справедливость строга, но и милосердна. Порядок держать непросто, особенно среди богов.;
;ser_hbjus_S_0002;has_boon_jus;lvl_ser;;pc;vn;1001;ser_hbjus;TRUE;Serenity;ser_hmmmm;;Справедливость благословляет немногих. Она либо верит в твою праведность, либо отчаянно хочет, чтобы Смерть заплатила.;
;tim_M_0001;;lvl_core_tim;;pc;vn;1;;FALSE;Time;tim_M_0001_A;;Наши Часы вернули тебя.;
;~;;;;;;;;;~;tim_M_0001_B;;Войди в воду ещё раз, герой. Мы не можем последовать за тобой, но скоро тебе придут на помощь другие.;
;~;;;;;;;;;~;tim_M_0001_C;;Смерть предстанет перед судом за свои проступки.;
;tim_M_0002;;lvl_core_tim;;pc;vn;2;;FALSE;Time;tim_M_0002;;Смерть забрала много жизней до того, как упала их последняя песчинка. Нельзя позволить его воровству времени продолжаться.;
;tim_M_0003;;lvl_core_tim;;pc;vn;3;;FALSE;Time;tim_M_0003;;Песок Часов восполняется лишь за пределами владений Смерти. Распоряжайся временем с умом.;
;tim_S_0001B;;lvl_tim;;pc;vn;1000;;FALSE;Time;tim_S_0001B;;С бесконечностью на твоей стороне ты добьёшься своего.;
;tim_S_0001;;lvl_tim;;pc;vn;1002;;TRUE;Time;tim_S_0001;;Мы понимаем, что смертным нужно время, чтобы учиться. Это мы можем дать.;
;tim_S_0005;;lvl_tim;;pc;vn;1002;;TRUE;Time;tim_S_0005;;У тебя в запасе вечность. Помни об этом.;
;tim_S_0007;;lvl_tim;;pc;vn;1002;;TRUE;Time;tim_S_0007;;Твоя миссия вернёт миру должный порядок.;
;tim_S_0008;;lvl_tim;;pc;vn;1001;;TRUE;Time;tim_S_0008;;Чем больше ты забираешь из владений Смерти, тем больше можешь туда вернуть. Со временем ты добьёшься успеха.;
;tim_S_0011;;lvl_tim;;pc;vn;1002;;TRUE;Time;tim_S_0011;;Поступки Смерти — оскорбление порядка мироздания. Смерть нужно остановить.;
;tim_S_0012;;lvl_tim;;pc;vn;1002;;TRUE;Time;tim_S_0012;;Обдумывай свой путь. Выбирай из наших даров осмотрительно.;
;tim_S_0013;;lvl_tim;;pc;vn;1002;;TRUE;Time;tim_S_0013;;Путей вперёд много. Ты поймёшь, какой выбрать.;
;tim_S_0014;;lvl_tim;;pc;vn;1002;;TRUE;Time;tim_S_0014;;Чем глубже ты проникаешь в его владения, тем слабее Смерть держит их.;
;tim_S_0015;;lvl_tim;;pc;vn;1002;;TRUE;Time;tim_S_0015;;Проблеск бесконечности.;
;tim_S_0016;;lvl_tim;;pc;vn;1002;;TRUE;Time;tim_S_0016_ALT;;Своеволие Смерти разрывает нашу вселенную.;
;tim_S_0017;;lvl_tim;;pc;vn;1002;;TRUE;Time;tim_S_0017;;Время — безбрежная река.;
;tim_S_0018;;lvl_tim;;pc;vn;1002;;TRUE;Time;tim_S_0018;;Будущее держится на тебе.;
;tim_S_0019;;lvl_tim;;pc;vn;1002;;TRUE;Time;tim_S_0019;;Последний час.;
;tim_S_0020;;lvl_tim;;pc;vn;1002;;TRUE;Time;tim_S_0020;;Эпоха Смерти уходит.;
;tim_S_0021;;lvl_tim;;pc;vn;1002;;TRUE;Time;tim_S_0021;;Со временем приходит опыт.;
;tim_S_0022;;lvl_tim;;pc;vn;1002;;TRUE;Time;tim_S_0022;;Смерть стала слишком высокомерной.;
;tim_S_0023;;lvl_tim;;pc;vn;1002;;TRUE;Time;tim_S_0023;;Высокомерие погубит Смерть.;
;tim_S_0024;;lvl_tim;;pc;vn;1002;;TRUE;Time;tim_S_0024;;Бесконечность на твоей стороне.;
;tim_S_0025;;lvl_tim;;pc;vn;1002;;TRUE;Time;tim_S_0025;;Снова и снова.;
;jus_M_0001;;lvl_core_jus;;pc;vn;1;;FALSE;Justice;jus_M_0001_A;;Приветствую, чемпион. Я — вершительница правосудия. Приятно наконец познакомиться.;
;~;;;;;;;;;~;jus_M_0001_B;;Смерть причинила зло и твоему роду, и моему, и за это она предстанет перед Законом.;
;~;;;;;;;;;~;jus_M_0001_C_ALT;;Поможешь мне привести приговор в исполнение?;
;jus_S_0001;;lvl_jus;;pc;vn;1000;;TRUE;Justice;jus_S_0001;;Не Смерти решать, когда отнимать жизнь. За нарушение долга перед живыми её ждёт возмездие.;
;jus_S_0002;;lvl_jus;;pc;vn;1003;;TRUE;Justice;jus_S_0002;;Пусть мои силы помогут тебе в твоей беде.;
;jus_S_0003;;lvl_jus;;pc;vn;1003;;TRUE;Justice;jus_S_0003;;Возьми из моих благословений, чемпион.;
;jus_S_0004;;lvl_jus;;pc;vn;1005;;TRUE;Justice;jus_S_0004;;Весы не лгут.;
;jus_S_0005;;lvl_jus;;pc;vn;1001;;TRUE;Justice;jus_S_0005;;Праведные законы должны соблюдаться.;
;jus_S_0006;;lvl_jus;;pc;vn;1002;;TRUE;Justice;jus_S_0006;;Помни, что у большинства богов мотивы неблаговидны. Не полагайся на тех, кем движет грех.;
;jus_S_0008;;lvl_jus;;pc;vn;1005;;FALSE;Justice;jus_S_0008;;Перед лицом несправедливости видны истинные герои. Ты один из них, и я благодарю тебя.;
;jus_S_0010;;lvl_jus;;pc;vn;1001;;TRUE;Justice;jus_S_0010;;Лучшая атака — это хорошая защита, чемпион.;
;jus_S_0011;;lvl_jus;;pc;vn;1004;;TRUE;Justice;jus_S_0011;;Смерть не явилась на собственный суд. Она считает себя выше Законов, управляющих всеми нами.;
;jus_S_0012;;lvl_jus;;pc;vn;1005;;TRUE;Justice;jus_S_0012;;Правосудие свершится.;
;jus_S_0013;;lvl_jus;;pc;vn;1005;;TRUE;Justice;jus_S_0013;;Пусть твой поход будет благословлён праведными.;
;jus_S_0014;;lvl_jus;;pc;vn;1005;;TRUE;Justice;jus_S_0014;;Уравняй весы.;
;jus_S_0015;;lvl_jus;;pc;vn;1005;;TRUE;Justice;jus_S_0015;;Правосудие беспристрастно.;
;jus_S_0016;;lvl_jus;;pc;vn;1003;;TRUE;Justice;jus_S_0016;;Грех не останется скрытым.;
;jus_S_0017;;lvl_jus;;pc;vn;1005;;TRUE;Justice;jus_S_0017;;Все грехи выйдут на свет.;
;jus_hbemp_S_0002;has_boon_emp;lvl_jus;;pc;vn;1001;jus_hbemp;TRUE;Justice;jus_hbemp_S_0002;;На тебе метка Мойр. Раз они встали за тебя, значит, видят перед тобой героический путь.;
;jus_hbcon_S_0001;has_boon_con;lvl_jus;;pc;vn;1000;jus_hbcon;TRUE;Justice;jus_hbcon_S_0001;;Вижу, ты носишь благословения Крома. Знай, герой, разрушение обоюдоострое.;
;jus_hbcon_S_0002;has_boon_con;lvl_jus;;pc;vn;1000;jus_hbcon;TRUE;Justice;jus_hbcon_S_0002;;Не принимай дары военных преступников вроде Крома, герой.;
;jus_hbven_S_0001;has_boon_ven;lvl_jus;;pc;vn;1000;jus_hbven;TRUE;Justice;jus_hbven_S_0001;;Помни о помощи Лета. Не позволяй эмоциям затмить рассудок.;
;jus_hbven_S_0002;has_boon_ven;lvl_jus;;pc;vn;1000;jus_hbven;TRUE;Justice;jus_hbven_S_0002;;Вижу на тебе благословения Лета. Когда встретишь Смерть, не дай пылу втянуть себя в месть. Беспристрастие — добродетель.;
;jus_hbmor_S_0001;has_boon_mor;lvl_jus;;pc;vn;1000;jus_hbmor;TRUE;Justice;jus_hbmor_S_0001;;Дочь не несёт вины за грехи отца. Взять дары Морт было мудро, герой.;
;jus_hbmor_S_0002;has_boon_mor;lvl_jus;;pc;vn;1001;jus_hbmor;TRUE;Justice;jus_hbmor_S_0002;;То, что даёт Морт, — лишь малая часть сил Смерти. Но и этого хватит, чтобы дать тебе прозрение. А знание — тоже сила.;
;jus_hbmor_S_0003;has_boon_mor;lvl_jus;;pc;vn;1001;jus_hbmor;FALSE;Justice;jus_hbmor_S_0003;;Морт — единственная из нас, кто помогает тебе без Часов. И хоть её больше нет в этом Круге, её сила здесь всё ещё действует.;
;jus_hbmor_S_0004;has_boon_mor;lvl_jus;;pc;vn;1002;jus_hbmor;FALSE;Justice;jus_hbmor_S_0004_A;;Смерть всегда была беспристрастна в своём долге. А Морт всегда была слишком привязана к жизни.;
;~;;;;;;;;;~;jus_hbmor_S_0004_B;;Вот и я думала, что именно она станет нарушать закон. Но вот, что получилось.;
;jus_hbser_S_0001;has_boon_ser;lvl_jus;;pc;vn;1000;jus_hbser;TRUE;Justice;jus_hbser_S_0001;;Как бы холодна она ни была, Зима знает границы своих владений. Добродетель, которой нет у всех в её семье.;
;jus_hbser_S_0002;has_boon_ser;lvl_jus;;pc;vn;1000;jus_hbser;TRUE;Justice;jus_hbser_S_0002;;Зима действует из вредности. Но за всем этим льдом, возможно, теплится огонёк.;
;jus_hbtim_S_0001;has_boon_tim;lvl_jus;;pc;vn;1000;jus_hbtim;TRUE;Justice;jus_hbtim_S_0001;;Часы — средоточие силы Времени. И всё же оно отдало их тебе, чтобы Смерть предстала перед судом.;
;jus_hbtim_S_0002;has_boon_tim;lvl_jus;;pc;vn;1000;jus_hbtim;TRUE;Justice;jus_hbtim_S_0002;;Без Часов Времени мы не смогли бы помогать тебе, герой. За это я благодарю его.;
;jus_hbwra_S_0001;has_boon_wra;lvl_jus;;pc;vn;1000;jus_hbwra;TRUE;Justice;jus_hbwra_S_0001;;Бог молний действует импульсивно, совсем как Лето. И его деяния часто приводят обратно к Смерти.;
;wra_M_0001;;lvl_core_wra;;pc;vn;1;;FALSE;Wrath;wra_M_0001_A;;Лэйгун, бог молний, к твоим услугам.;
;~;;;;;;;;;~;wra_M_0001_B;;Странно, такой выход обычно слегка встряхивает смертных. Лето опередила меня, да? Богу несолидно опаздывать, особенно такому, как я.;
;~;;;;;;;;;~;wra_M_0001_C;;Ладно, неважно, это, собственно, очень на меня похоже! Молнии никто не может предсказать.;
;wra_S_0001;;lvl_wra;;pc;vn;1010;;TRUE;Wrath;wra_S_0001;;Раз я всё ещё тут, ты явно делаешь что-то правильно! Я по натуре не засиживаюсь на месте.;
;wra_S_0002;;lvl_wra;;pc;vn;1000;;TRUE;Wrath;wra_S_0002_ALT;;Что там у тебя?;
;wra_S_0003;;lvl_wra;;pc;vn;1000;;TRUE;Wrath;wra_uhhhh2;;Мне уже скучновато просто с тобой разговаривать. Поторопимся?;
;wra_S_0004;;lvl_wra;;pc;vn;1000;;TRUE;Wrath;wra_S_0004;;Как продвигается?;
;wra_S_0005;;lvl_wra;;pc;vn;1000;;TRUE;Wrath;wra_S_0005;;Я — порывистый дух. Ты же, похоже, довольно надёжный.;
;wra_S_0007;;lvl_wra;;pc;vn;1000;;TRUE;Wrath;wra_S_0007;;Позволь вмешаться, как это обычно делают боги.;
;wra_S_0008;;lvl_wra;;pc;vn;1000;;TRUE;Wrath;wra_pffff;;У меня правда нет терпения на эти героические эпопеи. Бери мои благословения быстрее, у меня настроение не ахти.;
;wra_S_0009;;lvl_wra;;pc;vn;1001;;TRUE;Wrath;wra_hellothere;;О, я сейчас в превосходном настроении. Пару молний не нужно?;
;wra_S_0010;;lvl_wra;;pc;vn;1000;;TRUE;Wrath;wra_S_0010;;Всё ещё сидишь на том кладбище?;
;wra_S_0012;;lvl_wra;;pc;vn;1000;;TRUE;Wrath; wra_S_0012;;Честно говоря, я бы уже устал от такого. Но ты живучий, приятель!;
;wra_S_0013;;lvl_wra;;pc;vn;1000;;TRUE;Wrath; wra_S_0013;;Люди и боги склоняются передо мной. Но тебе это не нужно, герой. Мы ведь приятели.;
;wra_S_0014;;lvl_wra;;pc;vn;1000;;TRUE;Wrath;wra_S_0014;;Гроза на улице сегодня просто великолепна, не хвастаюсь. Жаль, что ты тут сидишь. Ну, помогу тебе молниеносно выбраться.;
;wra_S_0015;;lvl_wra;;pc;vn;1000;;TRUE;Wrath;wra_S_0015;;У тебя там всё нормально, смертный? Мне кажется, тебе не помешает божественная помощь, как считаешь?;
;wra_S_0019;;lvl_wra;;pc;vn;1001;;TRUE;Wrath;wra_S_0019;;Над владениями Смерти сгущаются грозовые тучи. Плохая примета... для самой Смерти.;
;wra_S_0021;;lvl_wra;;pc;vn;1001;;TRUE;Wrath;wra_S_0021;;Молния может ударить в одно место дважды.. Если я того захочу, конечно.;
;wra_S_0023;;lvl_wra;;pc;vn;1001;;TRUE;Wrath;wra_S_0023;;Был тут один тип, который думал, что сможет оживить кого-то молнией. Попробуй, пока ты там внизу.;
;wra_S_0025;;lvl_wra;;pc;vn;1001;;TRUE;Wrath;wra_S_0025;;Будем честны, ни одна сила не сравнится с цепной молнией.;
;wra_S_0026;;lvl_wra;;pc;vn;1001;;TRUE;Wrath;wra_S_0026;;Позволь вмешаться.;
;wra_S_0027;;lvl_wra;;pc;vn;1001;;TRUE;Wrath;wra_S_0027;;Я умею шокировать, не так ли?;
;wra_S_0028;;lvl_wra;;pc;vn;1001;;TRUE;Wrath;wra_S_0028;;Я бог-вмешатель.;
;wra_hbemp_S_0001;has_boon_emp;lvl_wra;;pc;vn;1000;wra_hbemp;TRUE;Wrath;wra_laugh8;;О, мне весьма нравятся Мойры! Они предсказывают меня довольно точно, но никогда не успевают ответить. Всегда забавно наблюдать, как они извиваются.;
;wra_hbemp_S_0002;has_boon_emp;lvl_wra;;pc;vn;1000;wra_hbemp;TRUE;Wrath;wra_laugh9;;Мойры — чудесные маленькие надоедалы.;
;wra_hbcon_S_0001;has_boon_con;lvl_wra;;pc;vn;1000;wra_hbcon;TRUE;Wrath;wra_hrgmmm;;Тут уже становится тесновато, с этими всеми богами. Не скажу, что рад снова видеть Крома.;
;wra_hbcon_S_0002;has_boon_con;lvl_wra;;pc;vn;1000;wra_hbcon;TRUE;Wrath;wra_hrgmmm;;Почему никто не любит Крома? Смертный, смертный, почему никто не любит Смерть? Здесь есть закономерность, видишь.;
;wra_hbven_S_0001;has_boon_ven;lvl_wra;;pc;vn;1000;wra_hbven;FALSE;Wrath;wra_hmmmm3;;Так как скажешь, мои благословения лучше или хуже, чем у Лета? Мне надо знать, как дела у конкурентки, выручай бога!;
;wra_hbven_S_0002;has_boon_ven;lvl_wra;;pc;vn;1001;wra_hbven;FALSE;Wrath;wra_charming;;Лето меня просто обожает. Вечно преследует меня, куда бы я ни пошёл.;
;wra_hbven_S_0003;has_boon_ven;lvl_wra;;pc;vn;1002;wra_hbven;FALSE;Wrath;wra_hmmm;;Уже под благословением Лета? Похоже, я снова останусь просто громом.;
;wra_hbven_S_0004;has_boon_ven;lvl_wra;;pc;vn;1003;wra_hbven;FALSE;Wrath;wra_sigh2;;Молния может вызывать пожары, но по делам, касающимся смертных, я, похоже, всегда второй!;
;wra_hbven_S_0005;has_boon_ven;lvl_wra;;pc;vn;1004;wra_hbven;TRUE;Wrath;wra_charming;;Под благословением Лета? О, она от меня просто не может оторваться.;
;wra_hbven_S_0006;has_boon_ven;lvl_wra;;pc;vn;1005;wra_hbven;FALSE;Wrath;wra_hellothere2;;Слушай, Лето дала твоему роду огонь. Но, думаю, она пришла помочь тебе лишь для того, чтобы обогнать меня на старте.;
;~;;;;;;;;;~;;;Не то чтобы я хотел, чтобы мир вращался вокруг меня, — это я вращаюсь вокруг всего мира.;
;wra_hbven_S_0007;has_boon_ven;lvl_wra;;pc;vn;1005;wra_hbven;FALSE;Wrath;wra_laugh2;;Огонь — это дико, но молния — это совсем другое, не так ли?;
;wra_hbmor_S_0001;has_boon_mor;lvl_wra;;pc;vn;1000;wra_hbmor;TRUE;Wrath;wra_charming2;;В моём деле мне порой приходилось встречать Морт, а не её отца. Гораздо более приятная встреча.;
;wra_hbmor_S_0002;has_boon_mor;lvl_wra;;pc;vn;1000;wra_hbmor;TRUE;Wrath;wra_interesting;;Что за дела с тем, что Морт тебе помогает? Семейная драма или как? А, ладно, знать не хочу.;
;~;;;;;;;;;~;;;Но серьёзно, в чём дело?;
;wra_hbser_S_0001;has_boon_ser;lvl_wra;;pc;vn;1010;wra_hbser;TRUE;Wrath;wra_hmmmm4;;О, какая же Зима зануда. Ничего общего с сестрой. Зато Морт удалась на славу!;
;wra_hbser_S_0002;has_boon_ser;lvl_wra;;pc;vn;1001;wra_hbser;TRUE;Wrath;wra_hmmmm4;;Без зимы не было бы осени, а я очень люблю это время года. Так что, пожалуй, Зима не так уж плоха.;
;~;;;;;;;;;~;;;Да и Лето она тоже раздражает.;
;wra_hbtim_S_0002;has_boon_tim;lvl_wra;;pc;vn;1000;wra_hbtim;TRUE;Wrath;wra_laugh;;Что я могу сказать о Времени? Я его почти не вижу, я появляюсь и исчезаю за долю секунды. Не хватает на болтовню и чашку чая.;
;wra_hbjus_S_0001;has_boon_jus;lvl_wra;;pc;vn;1004;wra_hbjus;FALSE;Wrath;wra_ughm;;Справедливость я совсем не люблю. После того приговора, что она вынесла Лету лет двенадцать тысяч назад. Не понимаю, почему остальные боги его одобрили.;
;wra_hbjus_S_0002;has_boon_jus;lvl_wra;;pc;vn;1003;wra_hbjus;FALSE;Wrath;wra_ughm;;Порядок, баланс и куча прочей ерунды! Из-за таких, как Справедливость, Хаос лежит в заточении с… другими.;
;~;;;;;;;;;~;;;Хотя в итоге это был выбор самого Хаоса…;
;~;;;;;;;;;~;;;Смотри, она будет пытаться убедить тебя в своей праведности, апеллируя к ложному авторитету. Не ведись. Оставайся собой.;
;ear_M_0001;;lvl_core_ear;;pc;vn;1;;FALSE;Earth;ear_M_0001_B_ALT2;;Перед тобой Нинь, Создательница гор. Следуй моим наставлениям, и посмотрим, чего ты стоишь!;
;ear_M_0002;;lvl_core_ear;;pc;vn;2;;FALSE;Earth;ear_M_0002_A_ALT2;;Я следила за твоим путешествием с твоих первых шагов по моей земле, смертный. Многие брались за этот путь, но лишь немногие показали такую стойкость!;
;~;;;;;;;;;~;ear_M_0002_B_ALT2;;Ты снова и снова пытаешься и не дрогнешь. Продолжай в том же духе!;
;ear_S_0001;;lvl_ear;;pc;vn;1000;;TRUE;Earth;ear_S_0001_ALT2;;Будь покрепче, если хочешь взять то, что я тебе даю!;
;ear_S_0002;;lvl_ear;;pc;vn;1000;;TRUE;Earth;ear_S_0002;;Пусть эта попытка будет лучшей из всех, новичок, а не то попробуешь на вкус меня.;
;ear_S_0003;;lvl_ear;;pc;vn;1000;;TRUE;Earth;ear_S_0003;;Ты разогреваешься или это всё, что у тебя есть?!;
;ear_S_0004;;lvl_ear;;pc;vn;1000;;TRUE;Earth;ear_S_0004_ALT3;;Этот маленький подарок от меня тобой заслужен. Продолжай, и, может, получишь ещё!;
;ear_S_0005;;lvl_ear;;pc;vn;1000;;TRUE;Earth;ear_S_0005_ALT3;;Да-авай, покажи мне выносливость, новичок, посмотрим, на что ты годишься!;
;ear_S_0006;;lvl_ear;;pc;vn;1000;;TRUE;Earth;ear_S_0006;;Продолжай, смертный! Скоро ты поймёшь всю прелесть гринда.;
;ear_S_0007;;lvl_ear;;pc;vn;1000;;TRUE;Earth;ear_S_0007_ALT;;Это пока всего лишь разминка!;
;ear_S_0008;;lvl_ear;;pc;vn;1000;;TRUE;Earth;ear_S_0008_ALT;;Даже самый маленький камешек может вызвать лавину. А что можешь запустить ты, смертный?;
;ear_S_0009;;lvl_ear;;pc;vn;1000;;TRUE;Earth;ear_S_0009;;Покажи мне свою силу, смертный! Дави на землю, почувствуй, как она давит в ответ!;
;ear_S_0010;;lvl_ear;;pc;vn;1000;;TRUE;Earth;ear_S_0010;;Я не допущу, чтобы говорили, будто Нинь стояла в стороне, пока смертные показывали нечеловеческую силу. Ученику нужен учитель!;
;ear_S_0011;;lvl_ear;;pc;vn;1000;;TRUE;Earth;ear_S_0011_ALT;;Стоять против него самого! Ха, дух в тебе есть, смертный.;
;ear_S_0012;;lvl_ear;;pc;vn;1000;;TRUE;Earth;ear_S_0012;;Такова воля богов — Смерть ответит перед правосудием.;
;ear_S_0013;;lvl_ear;;pc;vn;1000;;TRUE;Earth;ear_S_0013_ALT;;Закон нужно соблюдать, чтобы была стабильность. Смерть не вправе делать что ему вздумается.;
;ear_S_0014;;lvl_ear;;pc;vn;1001;;TRUE;Earth;ear_S_0014_ALT;;Не считай попытки. Заставь каждую попытку считаться!;
;ear_S_0015;;lvl_ear;;pc;vn;1001;;TRUE;Earth;ear_S_0015_ALT;;Горы строятся веками. В дисциплине есть сила, смертный!;
;ear_S_0016;;lvl_ear;;pc;vn;1001;;TRUE;Earth;ear_S_0016_ALT;;Нога за ногой. Вот так и двигают горы!;
;ear_S_0017;;lvl_ear;;pc;vn;1001;;TRUE;Earth;ear_S_0017_ALT;;Сила и дисциплина — ступени к величию!;
;ear_S_0018;;lvl_ear;;pc;vn;1001;;TRUE;Earth;ear_S_0018_ALT;;Не просто взбирайся на гору — покоряй её!;
;ear_S_0019;;lvl_ear;;pc;vn;1001;;TRUE;Earth;ear_S_0019_ALT2;;Камень точно бьёт бумагу. Я тысячу раз давила деревья Весны! Ха! Не нарочно, просто она стояла… на пути.;
;ear_S_0020;;lvl_ear;;pc;vn;1001;;TRUE;Earth;ear_S_0020_ALT;;Обычно тело способное, а разум слабый. Вы, смертные, всё поняли наоборот.;
;ear_S_0021;;lvl_ear;;pc;vn;1001;;TRUE;Earth;ear_S_0021;;Ты снова и снова толкаешь этот валун, зная, что он каждый раз тебя раздавит. Смертный осмеливается там, где боги колеблются!;
;ear_S_0022;;lvl_ear;;pc;vn;1001;;TRUE;Earth;ear_S_0022;;Тренировки каждый день, и конца им не видно! Некоторым из богов, что тебе помогают, не помешало бы поучиться у тебя.;
;ear_S_0023;;lvl_ear;;pc;vn;1001;;TRUE;Earth;ear_S_0023;;Каждый день — день ног!;
;ear_S_0024;;lvl_ear;;pc;vn;1001;;TRUE;Earth;ear_S_0024;;Посмотрим, как долго ты продержишься!;
;ear_S_0025;;lvl_ear;;pc;vn;1001;;TRUE;Earth;ear_S_0023_ALT;;Каждый день — день ног!;
;ear_hbemp_S_0001;has_boon_emp;lvl_ear;;pc;vn;1001;ear_hbemp;TRUE;Earth;ear_hbemp_S_0001_ALT;;Ха! Мойры! Мы сами куём свою судьбу, смертный!;
;ear_hbemp_S_0002;has_boon_emp;lvl_ear;;pc;vn;1000;ear_hbemp;TRUE;Earth;ear_hbemp_S_0002_ALT;;Никакой «судьбы» не существует. Если эти мелкие чертовки всё знают, почему тогда они всегда молчат и ничего не делают?;
;ear_hbcon_S_0001;has_boon_con;lvl_ear;;pc;vn;1000;ear_hbcon;TRUE;Earth;ear_hbcon_S_0001;;Кром силён, но я всё равно его расплющу.;
;ear_hbcon_S_0002;has_boon_con;lvl_ear;;pc;vn;1001;ear_hbcon;TRUE;Earth;ear_hbcon_S_0002_ALT3;;Знаешь, я однажды вызывала Крома померяться силой рук. Он так и не принял вызов.;
;ear_hbven_S_0001;has_boon_ven;lvl_ear;;pc;vn;1000;ear_hbven;TRUE;Earth;ear_hbven_S_0001_ALT;;Огонь сделал смертных изнеженными, как та хитрая лисица Лето. Тебе не следовало принимать её помощь.;
;ear_hbven_S_0002;has_boon_ven;lvl_ear;;pc;vn;1000;ear_hbven;TRUE;Earth;ear_hbven_S_0002_ALT1;;От всех этих инструментов и оружия — сплошное изнеживание. В древности вы поклонялись внутренней силе!;
;ear_hbven_S_0003;has_boon_ven;lvl_ear;;pc;vn;1001;ear_hbven;TRUE;Earth;ear_hbven_S_0003;;Лето и её сёстры приходят и уходят… Нет ничего надёжнее земли у тебя под ногами.;
;ear_hbmor_S_0001;has_boon_mor;lvl_ear;;pc;vn;1000;ear_hbmor;TRUE;Earth;ear_hbmor_S_0001_ALT;;Лето плохо влияла на Морт. Вела себя как подруга и сестра, вместо того чтобы занять место отсутствующего родителя.;
;ear_hbmor_S_0002;has_boon_mor;lvl_ear;;pc;vn;1000;ear_hbmor;TRUE;Earth;ear_hbmor_S_0002;;Мягкая. Слабая. Морт меркнет в сравнении со своим отцом. Как она поможет его победить?;
;ear_hbser_S_0001;has_boon_ser;lvl_ear;;pc;vn;1010;ear_hbser;TRUE;Earth;ear_hbser_S_0001_ALT2;;Зима, вечно покрывающая мои лучшие творения. Ха! Она просто не может без всеобщего внимания!;
;ear_hbser_S_0002;has_boon_ser;lvl_ear;;pc;vn;1001;ear_hbser;TRUE;Earth;ear_hbser_S_0002_ALT;;Каждый год Зима отступает в мою обитель. Я же, в отличие от неё, всегда на месте.; 
;ear_hbtim_S_0001;has_boon_tim;lvl_ear;;pc;vn;1000;ear_hbtim;TRUE;Earth;ear_hbtim_S_0001_ALT3;;Знаешь… Время — это нечто. Даже я не уверена, что одолела бы его в схватке один на один.;
;ear_hbjus_S_0001;has_boon_jus;lvl_ear;;pc;vn;1004;ear_hbjus;TRUE;Earth;ear_hbjus_S_0001;;Справедливость дисциплинированна, достойна уважения и верный друг.;
;ear_hbjus_S_0002;has_boon_jus;lvl_ear;;pc;vn;1003;ear_hbjus;TRUE;Earth;ear_hbjus_S_0002;;Справедливость хранит устои нашего пантеона и оберегает стабильность. Это нелёгкая ноша.;
;ear_hbwra_S_0001;has_boon_wra;lvl_ear;;pc;vn;1000;ear_hbwra;TRUE;Earth;ear_hbwra_S_0001;;Ха, ха, ха! Лэйгун тоже здесь? Опять пытается заслужить расположение Лета? Какой же глупец.;
;ear_hbwra_S_0002;has_boon_wra;lvl_ear;;pc;vn;1000;ear_hbwra;TRUE;Earth;ear_hbwra_S_0002_ALT;;Лэйгун! Ха! Кажется бы, такой эгоцентрист должен больше работать над собой.;
;ear_hbwra_S_0003;has_boon_wra;lvl_ear;;pc;vn;1000;ear_hbwra;TRUE;Earth;ear_hbwra_S_0003_ALT;;Лэйгун здесь лишь для того, чтобы потешить своё эго. Не ищи помощи у ненадёжных!;
;ear_hbwra_S_0004;has_boon_wra;lvl_ear;;pc;vn;1000;ear_hbwra;TRUE;Earth;ear_hbwra_S_0004_ALT2;;Под благословением Лэйгуна? Этот тип не может высидеть на одном месте и минуты. Ха! Я ждала от тебя большего, новичок!;
;wat_M_0001;;lvl_core_wat;;pc;vn;1;;FALSE;Water;wat_M_0001_A;;Извини, что заставил ждать, друг, но, кажется, без меня ты поднял изрядную волну!;
;~;;;;;;;;FALSE;Water;wat_M_0001_B;;Весь пантеон на ушах, Смерть заперся в своей крепости, а время течёт через смертные руки!;
;~;;;;;;;;FALSE;Water;wat_M_0001_C;;Это точно войдёт в легенды!;
;wat_M_0002;;lvl_core_wat;;pc;vn;2;;FALSE;Water;wat_M_0002;;Видеть, как вы, смертные, объединяетесь, — очень освежает! У нас, богов, репутация, а вечность даёт кучу времени, чтобы перебранки превращались во вражду. Гордость — тяжёлый якорь!;
;wat_S_0002;;lvl_wat;;pc;vn;1000;;TRUE;Water;wat_S_0002;;Знатную вечеринку у бассейна ты тут устроил!;
;wat_S_0003;;lvl_wat;;pc;vn;1000;;TRUE;Water;wat_S_0003;;Дары океана — твои!;
;wat_S_0004;;lvl_wat;;pc;vn;1000;;TRUE;Water;wat_S_0004;;Угощаю, приятель!;
;wat_S_0005;;lvl_wat;;pc;vn;1000;;TRUE;Water;wat_S_0005;;Благословения на чёрный день!;
;wat_S_0006;;lvl_wat;;pc;vn;1000;;TRUE;Water;wat_S_0006;;Посылка для тебя!;
;wat_S_0007;;lvl_wat;;pc;vn;1000;;TRUE;Water;wat_S_0007;;Смотри, что прибило к берегу!;
;wat_S_0008;;lvl_wat;;pc;vn;1000;;TRUE;Water;wat_S_0008;;Дальше всё пойдёт как по маслу!;
;wat_S_0009;;lvl_wat;;pc;vn;1000;;TRUE;Water;wat_S_0009;;Все реки впадают в океан!;
;wat_S_0010;;lvl_wat;;pc;vn;1000;;TRUE;Water;wat_S_0010;;Океан полон потерянных вещей — эта сама нашла дорогу к тебе!;
;wat_S_0011;;lvl_wat;;pc;vn;1000;;TRUE;Water;wat_S_0011;;Осторожнее — возможно, придётся отчищать эту от ракушек!;
;wat_S_0012;;lvl_wat;;pc;vn;1000;;TRUE;Water;wat_S_0012;;Немного застряли, да? Позволь смыть часть твоих проблем!;
;wat_S_0013;;lvl_wat;;pc;vn;1000;;TRUE;Water;wat_S_0013;;Чем глубже опускаешься, тем крупнее водится рыба!;
;wat_S_0014;;lvl_wat;;pc;vn;1000;;TRUE;Water;wat_S_0014;;Не греби — плыви по ветру!;
;wat_S_0015;;lvl_wat;;pc;vn;1000;;TRUE;Water;wat_S_0015;;Прилив!;
;wat_S_0016;;lvl_wat;;pc;vn;1000;;TRUE;Water;wat_S_0016;;Дай-ка я выужу для тебя что-нибудь с глубин — порой даже я удивляюсь тому, что нахожу там!;
;wat_S_0017;;lvl_wat;;pc;vn;1000;;TRUE;Water;wat_S_0017;;Вот это живучая креветка!;
;wat_hbemp_S_0001;has_boon_emp;lvl_wat;;pc;vn;1000;wat_hbemp;TRUE;Water;wat_hbemp_S_0001_A;;Иногда я вас, людей, не понимаю, вам не положено бродить по океанам!;
;~;;;;;;;;;Water;wat_hbemp_S_0001_B;;Впрочем, я спас душу-другую по просьбе Лахи — даже бог не может отказать Судьбе!;
;wat_hbemp_S_0002;has_boon_emp;lvl_wat;;pc;vn;1000;wat_hbemp;TRUE;Water;wat_hbemp_S_0002;;Всегда хорошо бросить подношение Мойрам, когда плаваешь по моим морям, смертный! А то не думаю, что Лэйгун или богиня природы услышат твои молитвы.;
;wat_hbcon_S_0001;has_boon_con;lvl_wat;;pc;vn;1000;wat_hbcon;TRUE;Water;wat_hbcon_S_0001;;Тьфу, ты взял благословения Крома? Я знаю, что мы с ним по одну сторону… и всё же не могу отделаться от ощущения, будто к мне прилипла водоросль!;
;wat_hbcon_S_0002;has_boon_con;lvl_wat;;pc;vn;1000;wat_hbcon;TRUE;Water;wat_hbcon_S_0002;;Что ты нашёл в благословениях Крома, смертный? Там полно куда более жизнеспособных вариантов!;
;wat_hbven_S_0001;has_boon_ven;lvl_wat;;pc;vn;1000;wat_hbven;TRUE;Water;wat_hbven_S_0001;;Я знаю, мы с Летом должны быть противоположностями, но, честно, мне грустно, что мы редко встречаемся, она милая девчонка.;
;wat_hbven_S_0002;has_boon_ven;lvl_wat;;pc;vn;1000;wat_hbven;TRUE;Water;wat_hbven_S_0002;;Лето из тех, с кем хочется держаться — смеётся громко, светит ярко. Жаль, что наши стихии так различны!;
;wat_hbmor_S_0001;has_boon_mor;lvl_wat;;pc;vn;1000;wat_hbmor;TRUE;Water;wat_hbmor_S_0001;;Носишь благословение Морт? В ней не одна капля тепла, а целая волна. Очень приятный сюрприз, учитывая её родителей!;
;wat_hbser_S_0001;has_boon_ser;lvl_wat;;pc;vn;1000;wat_hbser;TRUE;Water;wat_hbser_S_0001;;Хочешь произвести хорошее впечатление на Зиму? Маленький совет — она падка на лесть!; 
;wat_hbser_S_0002;has_boon_ser;lvl_wat;;pc;vn;1000;wat_hbser;TRUE;Water;wat_hbser_S_0002;;Зима однажды пыталась заморозить все моря, говоря, что это будет выглядеть «величественно». Думаю, так она флиртовала. Меньше романтический жест, больше любовное письмо самой себе, если спросишь меня!;
;wat_hbtim_S_0001;has_boon_tim;lvl_wat;;pc;vn;1000;wat_hbtim;TRUE;Water;wat_hbtim_S_0001;;Думаешь, Время в свободное время просто считает секунды ради забавы? Если, конечно, оно улавливает эту концепцию.;
;wat_hbtim_S_0002;has_boon_tim;lvl_wat;;pc;vn;1000;wat_hbtim;TRUE;Water;wat_hbtim_S_0002;;Время слишком серьёзно для моего вкуса. Это от первородности, но светскую беседу не скрасит!;
;wat_hbjus_S_0001;has_boon_jus;lvl_wat;;pc;vn;1000;wat_hbjus;TRUE;Water;wat_hbjus_S_0001;;Я ни разу не видел, чтобы Леди Справедливость смеялась! Даже моими лучшими шутками не могу выдавить улыбку!;
;wat_hbjus_S_0002;has_boon_jus;lvl_wat;;pc;vn;1000;wat_hbjus;TRUE;Water;wat_hbjus_S_0002;;Леди Справедливость так же несмешна, как справедлива — и, к несчастью для неё, она действительно хороша в своей работе!;
;wat_hbjus_S_0003;has_boon_jus;lvl_wat;;pc;vn;1000;wat_hbjus;TRUE;Water;wat_hbjus_S_0003;;Под благословением Справедливости? Не трать силы на лесть, она не выдаст никаких поблажек! Эта барышня более каменная, чем скульптуры Нинь.;
;wat_hbwra_S_0001;has_boon_wra;lvl_wat;;pc;vn;1000;wat_hbwra;TRUE;Water;wat_hbwra_S_0001;;Лэйгун не сдерживается, и я тоже. Вот почему наши встречи так бодрят! Мы испытываем друг друга — молния и волна, рёв и грохот. Называй это спаррингом богов.;
;wat_hbwra_S_0002;has_boon_wra;lvl_wat;;pc;vn;1000;wat_hbwra;TRUE;Water;wat_hbwra_S_0002_A;;Пока я занят спаррингом с Лэйгуном, я порой забываю смотреть под воду! На его счету немало кораблекрушений.;
;~;;;;;;;;;Water;wat_hbwra_S_0002_B;;Хотя, пожалуй, справедливо, что я беру свою долю этой ответственности!;
;wat_hbwra_S_0003;has_boon_wra;lvl_wat;;pc;vn;1000;wat_hbwra;TRUE;Water;wat_hbwra_S_0003;;От одних штормов спасаешься, а с другими потом выпиваешь. Это как раз про нас с Лэйгуном.;
;wat_hbear_S_0001;has_boon_ear;lvl_wat;;pc;vn;1000;wat_hbear;TRUE;Water;wat_hbear_S_0001;;Не пытайся угнаться за Нинь, друг, тебе не удастся! Говорю по собственному опыту.;
;wat_hbear_S_0002;has_boon_ear;lvl_wat;;pc;vn;1000;wat_hbear;TRUE;Water;wat_hbear_S_0002;;Не записывайся ни на какие тренировки с Нинь! Последний герой, которого я помню делавшим это, до сих пор толкает огромный валун!;
;wat_hbear_S_0003;has_boon_ear;lvl_wat;;pc;vn;1000;wat_hbear;TRUE;Water;wat_hbear_S_0003;;Иногда прокатиться на волне лучше тренировки. Или, по крайней мере, мне хотелось бы так сказать, потому что тренировки Нинь изматывают!;
