n/a;code;condition;event;ini;type;prio;group;reuse;speaker;voice;#;English(en)                        | (2nd row after this ingame);Bulgarian(bg)
;pcsho_M_0001;;talk_sho;pc;conv;1;pcsho_conv;FALSE;sho;;;Got all these gods helping you down there huh?;
;~;;;;;;;;sho;;;You know, I'm something of a god myself :);
;~;;;;;;;;sho;;;Why don't you bring me some of Death's stolen goods and I'll lend a hand too. Or a sword.;
;pcsho_S_0001;pctra_M_0001;talk_sho;pc;conv;1;pcsho_conv;FALSE;sho;;;Getting the components your blue friend requires isn't cheap you know.;
;~;;;;;;;;sho;;;But it's the journey that matters, not the destination, right?;
;pctra_M_0001;;talk_tra;pc;conv;1;pctra_conv;FALSE;tra;;;I am so glad to have reeaached my destination on tiime.;
;~;;;;;;;;tra;;;How lucky I am that I may jooin you in your jouurney.;
;~;;;;;;;;tra;;;Foorgive my intrusion, but I've come to offer you my assistance.;
;~;;;;;;;;tra;;;You might find these aartifacts I carry of use in your traavels to Death's realm.;
;~;;;;;;;;tra;;;Unlocking their full power will be challengiing, as it will require expensive compoonents.;
;~;;;;;;;;tra;;;However, I am ceertain this shoopkeeper here will fiind them for us at a moost reaasonable price.;
;knisor_M_0001;;talk_kni,talk_sor;kni,sor;conv;1;knisor_conv;FALSE;sor;;;I did not expect a living guardian at Death's gates :p;
;~;;;;;;;;kni;;;I'm no guardian. Just went out for some fresh air. I was told to expect… others.;
;~;;;;;;;;kni;;;I suspect you are the first to come.;
;~;;;;;;;;sor;;;First to come? What are you talking about?;
;~;;;;;;;;kni;;;It might take me a while to explain everything…;
;~;;;;;;;;@fade;;;;
;~;;;;;;;;sor;;;So… you want me to go down there with the Hourglass?;
;~;;;;;;;;kni;;;Only one can wield it. Good luck.;
;knisor_M_0002;;talk_kni,talk_sor;kni,sor;conv;2;knisor_conv;FALSE;sor;;;The Hourglass worked! I'm… back.;
;~;;;;;;;;sor;;;But I still don't understand <b>why</b> Time gave us their Hourglass.;
;~;;;;;;;;kni;;;They see the righteousness of our cause.;
;~;;;;;;;;sor;;;Y-yes... righteousness…;
;~;;;;;;;;kni;;;It is unknown of gods to sacrifice, yes.;
;~;;;;;;;;kni;;;And so much at that too.;
;~;;;;;;;;kni;;;But Time's focus must be on more important matters than themselves.;
;knisor_M_0003;!kill_Death;talk_kni,talk_sor;kni,sor;conv;3;knisor_conv;FALSE;sor;;;Hey uhh… I guess I never introduced myself. I'm Merris ^^;
;~;;;;;;;;kni;;;Avoron. My pleasure.;
;~;;;;;;;;kni;;;It's good to have someone else around here.;
;~;;;;;;;;sor;;;Really?? You look like the lone type!;
;~;;;;;;;;sor;;;Uhm, I mean self-reliant!! <.<;
;knisor_M_0004;!kill_Death;talk_kni,talk_sor;kni,sor;conv;4;knisor_conv;FALSE;sor;;;Hey uhh... I made you some green tea.;
;~;;;;;;;;kni;;;Thanks. It gets cold here.;
;~;;;;;;;;sor;;;Not if you are a fire girl ^^;
;knisor_M_0005;!kill_Death and seen_VampireLord;talk_kni,talk_sor;kni,sor;conv;5;knisor_conv;FALSE;sor;;;I... never asked. What's your reason for going down there?;
;~;;;;;;;;kni;;;An obligation.;
;~;;;;;;;;sor;;;To?? Your wife :? Your third cousin? Your pet dog!;
;~;;;;;;;;kni;;;Myself.;
;~;;;;;;;;sor;;;!;
;~;;;;;;;;sor;;;Mighty selfish of a knight in shining armor :p;
;~;;;;;;;;kni;;;We're not all as noble as you, Merris.;
;~;;;;;;;;sor;;;Was that a joke >.< ?! That's new! ^^;
;knisor_M_0006;seen_VampireLord;talk_kni,talk_sor;kni,sor;conv;6;knisor_conv;FALSE;kni;;;My turn to ask now. What's your reason?;
;~;;;;;;;;sor;;;Just trying to find a fool I knew.;
;~;;;;;;;;kni;;;Then we'll see it done.;
;knisor_M_0007;!kill_VampireLord;talk_kni,talk_sor;kni,sor;conv;7;knisor_conv;FALSE;kni;;;So who is it?;
;~;;;;;;;;sor;;;?;
;~;;;;;;;;kni;;;The person you are trying to find.;
;~;;;;;;;;kni;;;I should look for them while I'm down there.;
;~;;;;;;;;sor;;;Uhh… You'll spot him for sure -.-;
;~;;;;;;;;kni;;;How so?;
;~;;;;;;;;sor;;;He's a pompous loud annoying bard!! And a fool!;
;~;;;;;;;;kni;;;Oh, so he works two jobs?;
;~;;;;;;;;sor;;;A proper fool! And a worse bard!!;
;~;;;;;;;;kni;;;Sounds like he's worth facing Death over.;
;~;;;;;;;;sor;;;Friends right?;
;knisor_M_0008;kill_VampireLord;talk_kni,talk_sor;kni,sor;conv;8;knisor_conv;FALSE;sor;;;When I find Rhet, I'm gonna send him back myself.;
;~;;;;;;;;kni;;;What made you so mad at your friend?;
;~;;;;;;;;sor;;;He wrote a song for the Fates, asking them to cut a piece of his own life string.;
;~;;;;;;;;sor;;;To use it for his lute, so he could make music from the "soul"!!;
;~;;;;;;;;sor;;;It’s hard to believe, but Lachi loved this artsy bullshit and agreed -.-;
;~;;;;;;;;kni;;;So that's how he ended up down there.;
;~;;;;;;;;sor;;;Not quite. It's a long story...;
;knisor_M_0009;kill_VampireLord;talk_kni,talk_sor;kni,sor;conv;9;knisor_conv;FALSE;kni;;;So why did the Fates take away Rhet's life?;
;~;;;;;;;;sor;;;They didn't. He assured me he still had a lot of string left…;
;~;;;;;;;;sor;;;...Yet he was gone shortly after.;
;~;;;;;;;;kni;;;Collected by Death, prematurely.;
;~;;;;;;;;sor;;;Yes, and I'm breaking my friend out!;
;~;;;;;;;;kni;;;And I'll be there to help you.;
;~;;;;;;;;sor;;;^^;
;knisor_S_0001;;talk_kni,talk_sor;kni,sor;conv;1000;knisor_conv;FALSE;sor;;;It's unfortunate we only have one hourglass :p;
;~;;;;;;;;kni;;;THE one and only Hourglass of Time itself though.;
;~;;;;;;;;sor;;;Yea… but I'll bet side by side we would stand a better chance.;
;~;;;;;;;;kni;;;Only one chance though.;
;knisor_S_0002;;talk_kni,talk_sor;kni,sor;conv;1000;knisor_conv;TRUE;sor;;;I wish this place wasn't so gloomy.;
;~;;;;;;;;kni;;;Well, it's only the entrance to Death's realm after all.;
;knisor_S_0003;;talk_kni,talk_sor;kni,sor;conv;1001;knisor_conv;FALSE;sor;;;Have you seen these murals?;
;~;;;;;;;;kni;;;Yes, I've been trying to decipher them.;
;~;;;;;;;;sor;;;I can comprehend some of the words.;
;~;;;;;;;;kni;;;Great! I've been keeping a journal actually.;
;~;;;;;;;;kni;;;Maybe you should add what you can find to it.;
;~;;;;;;;;sor;;;Oh!! We're writing a book together??;
;~;;;;;;;;kni;;;An instruction manual for killing Death rather.;
;knisor_S_0004;;talk_kni,talk_sor;kni,sor;conv;1002;knisor_conv;FALSE;sor;;;The hieroglyphs here describe the Underworld as a sort of layer of circles…;
;~;;;;;;;;kni;;;And I bet I know what's at the center.;
;~;;;;;;;;sor;;;Unless he's out working :X;
;knisor_S_0005;;talk_kni,talk_sor;kni,sor;conv;1003;knisor_conv;FALSE;sor;;;<b>Naturally</b>, things get tougher the further inwards you go btw :S;
;~;;;;;;;;sor;;;If my readings are correct that is >.>;
;~;;;;;;;;sor;;;Apparently, his minions are empowered by their vicinity to his presence…;
;~;;;;;;;;kni;;;Means we'll know when he's close then.;
;~;;;;;;;;kni;;;Good.;
;knisor_S_0006;;talk_kni,talk_sor;kni,sor;conv;1004;knisor_conv;TRUE;sor;;;Who would look cooler as a skelly - you or me :?;
;~;;;;;;;;kni;;;You, definitely.;
;~;;;;;;;;sor;;;How so??;
;~;;;;;;;;kni;;;A flying skeleton, how can I match that?;
;~;;;;;;;;sor;;;It's just hovering!! >.<;
;~;;;;;;;;kni;;;Still looks cool to me.;
;knisorA_S_0001;last_run_fail;talk_kni,talk_sor;kni;conv;1002;knisor_conv;TRUE;sor;;;Hey, how did it go :?;
;~;;;;;;;;kni;;;Couldn't find him.;
;knisorA_S_0002;last_run_fail;talk_kni,talk_sor;kni;conv;1002;knisor_conv;TRUE;sor;;;Any luck :?;
;~;;;;;;;;kni;;;Not yet.;
;knisorA_S_0003;last_run_fail;talk_kni,talk_sor;kni;conv;1002;knisor_conv;TRUE;kni;;;Failed again.;
;~;;;;;;;;sor;;;Let me try :?;
;knisorA_S_0004;last_run_fail;talk_kni,talk_sor;kni;conv;1002;knisor_conv;TRUE;sor;;;No luck I presume.;
;~;;;;;;;;kni;;;No need to gloat.;
;~;;;;;;;;sor;;;I wasn't gloating.;
;~;;;;;;;;sor;;;Really, I'm not. heh ^^;
;knisorA_S_0005;last_run_fail;talk_kni,talk_sor;kni;conv;1002;knisor_conv;TRUE;sor;;;Failed!!;
;~;;;;;;;;kni;;;You mock me.;
;~;;;;;;;;sor;;;Just trying to encourage you :);
;knisorA_S_0006;last_run_fail;talk_kni,talk_sor;kni;conv;1003;knisor_conv;TRUE;sor;;;So… what's up?;
;~;;;;;;;;kni;;;You're not going to mock me over my failure?;
;~;;;;;;;;sor;;;Not in the mood.;
;knisorA_S_0007;last_run_fail;talk_kni,talk_sor;kni;conv;1002;knisor_conv;TRUE;sor;;;No luck! And even less skill!!;
;~;;;;;;;;kni;;;Less than 0?;
;~;;;;;;;;sor;;;^^;
;knisorB_S_0001;last_run_fail;talk_kni,talk_sor;sor;conv;1002;knisor_conv;TRUE;sor;;;Ok so I failed. And?;
;~;;;;;;;;kni;;;I didn't say anything.;
;knisorB_S_0002;last_run_fail;talk_kni,talk_sor;sor;conv;1002;knisor_conv;TRUE;sor;;;What are you smiling about?;
;~;;;;;;;;kni;;;How would you know?;
;~;;;;;;;;sor;;;I can see it in your eyes :p;
;~;;;;;;;;sor;;;I'll get him next time you know :!;
;knisorB_S_0003;last_run_fail;talk_kni,talk_sor;sor;conv;1003;knisor_conv;TRUE;sor;;;My mind was preoccupied, that's why I failed!;
;~;;;;;;;;kni;;;Your mind was busy with other matters while you were in the heat of combat with hundreds of skeletal minions?;
;~;;;;;;;;sor;;;Yes! I wasn't looking.;
;~;;;;;;;;kni;;;At the monsters slashing in front of you?;
;~;;;;;;;;sor;;;>.< !!;
;knisorB_S_0004;last_run_fail;talk_kni,talk_sor;sor;conv;1004;knisor_conv;TRUE;kni;;;What's the excuse this time?;
;~;;;;;;;;sor;;;!!;
;~;;;;;;;;sor;;;No excuse, I lost plain and simple.;
;~;;;;;;;;sor;;;But if I'm being honest, the gods slipped me up a bit this time >.>;
;knisorB_S_0005;last_run_fail;talk_kni,talk_sor;sor;conv;1002;knisor_conv;TRUE;sor;;;It's just one failure!!;
;~;;;;;;;;kni;;;Yes. In a line of hundreds to come.;
;~;;;;;;;;sor;;;Not gonna be mines though :!;
;knisorB_S_0006;last_run_fail;talk_kni,talk_sor;sor;conv;1002;knisor_conv;TRUE;sor;;;I didn't fail, I just didn't succeed.;
;~;;;;;;;;kni;;;Got closer then?;
;~;;;;;;;;sor;;;Y-yes.;
;kniass_M_0001;;talk_kni,talk_ass;kni,ass;conv;1;kniass_conv;FALSE;kni;;;Hi, I'm Avoron.;
;~;;;;;;;;ass;;;not interested.;
;kniass_M_0002;;talk_kni,talk_ass;kni,ass;conv;2;kniass_conv;FALSE;kni;;;How goes it?;
;~;;;;;;;;ass;;;what do u want?;
;~;;;;;;;;kni;;;A conversation?;
;~;;;;;;;;ass;;;sry, I'm out of those. go check with merris;
;kniass_M_0003;;talk_kni,talk_ass;kni,ass;conv;3;kniass_conv;FALSE;kni;;;How do you do?;
;~;;;;;;;;ass;;;go fish someplace else;
;~;;;;;;;;kni;;;Wait, I wasn't… never mind.;
;kniass_M_0004;;talk_kni,talk_ass;kni,ass;conv;4;kniass_conv;FALSE;kni;;;Look, I think we got off on the wrong foot.;
;~;;;;;;;;ass;;;must have been yours;
;~;;;;;;;;kni;;;I'll… leave you alone then.;
;kniass_M_0005;;talk_kni,talk_ass;kni,ass;conv;5;kniass_conv;FALSE;ass;;;hey, sorry for my attitude earlier. I'm nixi.;
;~;;;;;;;;kni;;;Avoron. Apology accepted of course.;
;~;;;;;;;;ass;;;how knightly of you.;
;kniass_M_0006;kill_VampireLord;talk_kni,talk_ass;kni,ass;conv;6;kniass_conv;FALSE;ass;;;we got the baron at least;
;~;;;;;;;;kni;;;Just a stepping stone.;
;kniass_S_0001;;talk_kni,talk_ass;kni,ass;conv;1000;kniass_conv;TRUE;kni;;;How do you do Nixi?;
;~;;;;;;;;ass;;;cold.;
;kniass_S_0004;;talk_kni,talk_ass;kni,ass;conv;1001;kniass_conv;FALSE;ass;;;ever take that helmet off?;
;~;;;;;;;;kni;;;'Bit unusual of you to ask the questions.;
;~;;;;;;;;ass;;;.;
;kniassA_S_0001;last_run_fail;talk_kni,talk_ass;kni;conv;1002;kniass_conv;TRUE;ass;;;'sup?;
;~;;;;;;;;kni;;;Failure.;
;~;;;;;;;;ass;;;take a break maybe?;
;kniassA_S_0002;last_run_fail;talk_kni,talk_ass;kni;conv;1003;kniass_conv;TRUE;ass;;;you only come to me cuz I won't mock you like merris;
;~;;;;;;;;kni;;;Which is why I could use some encouragement!;
;~;;;;;;;;ass;;;...go fish someplace else.;
;knibar_M_0001;;talk_kni,talk_bar;kni,bar;conv;1;knibar_conv;FALSE;bar;;;I pass, metal man. I go kill Death.;
;~;;;;;;;;kni;;;Wait! You will only find your own death in there.;
;~;;;;;;;;kni;;;Even if the legends about you are true.;
;~;;;;;;;;bar;;;Ha! You know me.;
;~;;;;;;;;kni;;;I know <i>of</i> you. You are Kront, the Barbarian.;
;~;;;;;;;;bar;;;Who are you?;
;~;;;;;;;;kni;;;I'm a knight of the Order of Penance.;
;~;;;;;;;;kni;;;Allow me to explain what's going on here...;
;~;;;;;;;;@fade;;;;
;knibar_M_0002;;talk_kni,talk_bar;kni,bar;conv;2;knibar_conv;FALSE;bar;;;So why you kill Death?;
;~;;;;;;;;kni;;;It is what knights do.;
;~;;;;;;;;bar;;;Ha! You gullible, but good heart.;
;~;;;;;;;;bar;;;We be friends, I know.;
;knibar_M_0003;seen_VampireLord;talk_kni,talk_bar;kni,bar;conv;3;knibar_conv;FALSE;bar;;;So Avoron, how you find goddess of Penance?;
;~;;;;;;;;kni;;;You know of her?;
;~;;;;;;;;bar;;;I… I dumber than I look.;
;~;;;;;;;;bar;;;Smarter! I mean to say.;
;~;;;;;;;;bar;;;I travel a lot, knight. Know worldly knowledge.;
;~;;;;;;;;kni;;;You know, you don't look that dumb!;
;~;;;;;;;;bar;;;Ha, no need lie.;
;knibar_S_0001;;talk_kni,talk_bar;kni,bar;conv;1002;knibar_conv;FALSE;bar;;;What gods you pray to, knight?;
;~;;;;;;;;kni;;;Those that protect.;
;~;;;;;;;;bar;;;I prayed to Krom. He is strong in his mountain.;
;knibar_S_0002;;talk_kni,talk_bar;kni,bar;conv;1001;knibar_conv;FALSE;bar;;;Do you know riddle related to steel?;
;~;;;;;;;;kni;;;No, sorry.;
;knibar_S_0003;;talk_kni,talk_bar;kni,bar;conv;1002;knibar_conv;TRUE;bar;;;Death think he so big, but he not see my axe.;
;~;;;;;;;;kni;;;Yea... I'm sure he's chilled to the bone.;
;knibar_S_0004;;talk_kni,talk_bar;kni,bar;conv;1003;knibar_conv;FALSE;bar;;;Who paint all this on walls?;
;~;;;;;;;;kni;;;How should I know?;
;~;;;;;;;;bar;;;Vandals probably.;
;knibar_S_0005;;talk_kni,talk_bar;kni,bar;conv;1004;knibar_conv;TRUE;bar;;;Do you learn riddle related to steel?;
;~;;;;;;;;kni;;;Working on it.;
;knibar_S_0006;;talk_kni,talk_bar;kni,bar;conv;1000;knibar_conv;TRUE;bar;;;I don't need trinket to win.;
;~;;;;;;;;bar;;;But is dishonorable to reject gift. So I use.;
;~;;;;;;;;kni;;;Glad that you do Kront.;
;knibarA_S_0001;last_run_fail;talk_kni,talk_bar;kni;conv;1001;knibar_conv;TRUE;bar;;;You need to try not fail, Av.;
;~;;;;;;;;kni;;;Yeah, my bad. I must have forgotten to try.;
;knibarA_S_0002;last_run_fail;talk_kni,talk_bar;kni;conv;1002;knibar_conv;FALSE;bar;;;Time give clock to you? I wonder why.;
;~;;;;;;;;kni;;;It's an hourglass, Kront.;
;knibarA_S_0003;last_run_fail;talk_kni,talk_bar;kni;conv;1003;knibar_conv;TRUE;bar;;;If you return so quick you probably fail.;
;~;;;;;;;;kni;;;So you're counting my time now?;
;~;;;;;;;;bar;;;No, I can'ts count. Just know in bones you fail.;
;knibarA_S_0004;last_run_fail;talk_kni,talk_bar;kni;conv;1004;knibar_conv;TRUE;bar;;;I mock so you try harder, prove dumb barbarian wrong. But no result.;
;~;;;;;;;;bar;;;So I belief you can do this time.;
;~;;;;;;;;kni;;;I think I prefer your mockery.;
;knibarA_S_0005;last_run_fail;talk_kni,talk_bar;kni;conv;1005;knibar_conv;TRUE;bar;;;Who put more salt in wounds after failure – Merri or I?;
;~;;;;;;;;kni;;;Sorry, I'm gonna go with Merris.;
;~;;;;;;;;bar;;;See, we both losers then.;
;knibarA_S_0006;last_run_fail;talk_kni,talk_bar;kni;conv;1006;knibar_conv;TRUE;bar;;;By look on face, I see you fail.;
;~;;;;;;;;kni;;;You can see through metal now huh?;
;~;;;;;;;;bar;;;No need, you always fail.;
;knibarB_S_0001;last_run_fail;talk_kni,talk_bar;bar;conv;1001;knibar_conv;TRUE;kni;;;Didn't go well?;
;~;;;;;;;;bar;;;Didn't find well, got thirsty, came back.;
;~;;;;;;;;kni;;;A brilliant excuse.;
;knibarB_S_0002;last_run_fail;talk_kni,talk_bar;bar;conv;1002;knibar_conv;TRUE;bar;;;Start mock, Av. I wait.;
;~;;;;;;;;kni;;;I'm not one to mock, I believe you can do it.;
;~;;;;;;;;kni;;;Given an eternity.;
;knibarB_S_0003;last_run_fail;talk_kni,talk_bar;bar;conv;1003;knibar_conv;TRUE;kni;;;Lost your direction in there?;
;~;;;;;;;;bar;;;Bad scoff, I hunt every day, bring you food to camp.;
;~;;;;;;;;bar;;;Hunter can't lose directions.;
;~;;;;;;;;kni;;;Sensitive topic then.;
;knibarB_S_0004;last_run_fail;talk_kni,talk_bar;bar;conv;1004;knibar_conv;TRUE;bar;;;No comment on how big barbarian too dumb to win?;
;~;;;;;;;;kni;;;You forgot an "is". So maybe you really should read a few books with Merris.;
;~;;;;;;;;bar;;;This not first language.;
;~;;;;;;;;bar;;;You need read book with fancy elf, become smart like I.;
;~;;;;;;;;kni;;;Fair burn.;
;knibarB_S_0005;last_run_fail;talk_kni,talk_bar;bar;conv;1005;knibar_conv;TRUE;kni;;;Had fun losing at least?;
;~;;;;;;;;bar;;;Play for game, not score.;
;knibarB_S_0006;last_run_fail;talk_kni,talk_bar;bar;conv;1006;knibar_conv;TRUE;kni;;;Pillage anything useful at least?;
;~;;;;;;;;bar;;;You find in chest.;
;knibarB_S_0007;last_run_fail;talk_kni,talk_bar;bar;conv;1005;knibar_conv;TRUE;bar;;;Is human to make mistake.;
;~;;;;;;;;kni;;;Said the orc.;
;~;;;;;;;;bar;;;See? I very good at language!;
;kniwar_M_0001;;talk_kni,talk_war;kni,war;conv;1;kniwar_conv;FALSE;war;;;Hi, I'm Skadi.;
;~;;;;;;;;kni;;;Avoron, a pleasure.;
;~;;;;;;;;war;;;I've heard of you I think.;
;~;;;;;;;;war;;;The noble of Eridus, weren't you the one who?…;
;~;;;;;;;;kni;;;My doing, yes.;
;~;;;;;;;;war;;;Wow.;
;~;;;;;;;;kni;;;You don't approve?;
;~;;;;;;;;war;;;On the contrary…;
;kniwar_M_0002;;talk_kni,talk_war;kni,war;conv;2;kniwar_conv;FALSE;kni;;;I apologize, but I am not familiar with your feats.;
;~;;;;;;;;war;;;Don't have any. Yet.;
;~;;;;;;;;kni;;;Oh. Going after Death seems a bit?…;
;~;;;;;;;;war;;;Rash?;
;~;;;;;;;;war;;;I once repelled a dragon for going after my reindeer.;
;~;;;;;;;;kni;;;Ah, yes. You're a highlander alright.;
;kniwar_S_0001;;talk_kni,talk_war;kni,war;conv;1000;kniwar_conv;FALSE;war;;;Have you seen him, down there?;
;~;;;;;;;;kni;;;I don't think he'll show his face to us.;
;~;;;;;;;;kni;;;I doubt he even knows of us.;
;~;;;;;;;;war;;;We've entered into his realm!;
;~;;;;;;;;kni;;;Plenty do.;
;~;;;;;;;;kni;;;It's those that leave with something that are written about.;
;kniwar_S_0002;;talk_kni,talk_war;kni,war;conv;1001;kniwar_conv;FALSE;war;;;What are you scribing?;
;~;;;;;;;;kni;;;Keeping a journal on everything we learn.;
;~;;;;;;;;war;;;Can I have a look?;
;~;;;;;;;;kni;;;It's not quite ready yet, but here.;
;~;;;;;;;;war;;;The illustrations are pretty.;
;~;;;;;;;;kni;;;Just sketches.;
;kniwar_S_0003;;talk_kni,talk_war;kni,war;conv;1002;kniwar_conv;FALSE;war;;;I used to paint mountains back home.;
;~;;;;;;;;kni;;;Hmm, I mostly use pencils.;
;~;;;;;;;;kni;;;Better for travelling.;
;~;;;;;;;;war;;;A seasoned adventurer's trick.;
;~;;;;;;;;kni;;;If we don't count that time I wish I had rations instead.;
;kniran_M_0001;;talk_kni,talk_ran;kni,ran;conv;1;kniran_conv;FALSE;ran;;;So you were the first to come here?;
;~;;;;;;;;kni;;;Yes.;
;~;;;;;;;;ran;;;Not to be rude, but how come it's always the human?;
;~;;;;;;;;kni;;;The gods must really like us.;
;~;;;;;;;;ran;;;Or hate you.;
;~;;;;;;;;kni;;;Or that. Hmm...;
;kniranB_S_0001;last_run_fail;talk_kni,talk_ran;ran;conv;1001;kniran_conv;TRUE;kni;;;Would you like me to swap you?;
;~;;;;;;;;kni;;;You could use a rest.;
;~;;;;;;;;ran;;;I'm perfectly fine, thank you very much.;
;kniranB_S_0006;last_run_fail;talk_kni,talk_ran;ran;conv;1001;kniran_conv;TRUE;ran;;;Shouldn't you offer to swap me out?;
;~;;;;;;;;kni;;;I'm busy writing right now.;
;knidru_M_0001;;talk_kni,talk_dru;kni,dru;conv;1;knidru_conv;FALSE;kni;;;I didn't think the gods would call on the aid of a druid.;
;~;;;;;;;;dru;;;You think the gods summoned me here?;
;~;;;;;;;;kni;;;So it would seem.;
;~;;;;;;;;dru;;;Is there a knight who isn't a slave to faith?;
;~;;;;;;;;dru;;;That shine on your armor blind all of you or just the serfs?;
;~;;;;;;;;kni;;;And are all druids shackled by animalism?;
;~;;;;;;;;dru;;;You know nothing of nature.;
;~;;;;;;;;dru;;;Do not speak of it.;
;knidru_M_0002;;talk_kni,talk_dru;kni,dru;conv;2;knidru_conv;FALSE;kni;;;Why come here, druid?;
;~;;;;;;;;dru;;;Revenge.;
;~;;;;;;;;kni;;;Straightforward. I appreciate the honesty.;
;knidru_M_0003;;talk_kni,talk_dru;kni,dru;conv;3;knidru_conv;FALSE;kni;;;I don't think we ever officially met. I'm Avoron.;
;~;;;;;;;;dru;;;Leaf.;
;~;;;;;;;;kni;;;Got that out of the way then.;
;knidru_M_0004;;talk_kni,talk_dru;kni,dru;conv;4;knidru_conv;FALSE;kni;;;Revenge is often a product of injustice.;
;~;;;;;;;;kni;;;Is my assumption correct, Leaf?;
;~;;;;;;;;dru;;;There is no Justice for mortals.;
;~;;;;;;;;dru;;;You know what really fuels revenge?;
;~;;;;;;;;dru;;;Think on it. Might help you break the shackles.;
;knidru_S_0001;;talk_kni,talk_dru;kni,dru;conv;1000;knidru_conv;FALSE;dru;;;Your gods are fools. But you are the circus clown for putting your faith in them.;
;~;;;;;;;;kni;;;I'm not surprised that you've never met a clown, wildling.;
;~;;;;;;;;kni;;;Thank you for the compliment!;
;knidru_S_0002;;talk_kni,talk_dru;kni,dru;conv;1000;knidru_conv;FALSE;kni;;;You reject the gods, yet take their blessings.;
;~;;;;;;;;dru;;;Never refuse a free lunch.;
;knidruA_S_0001;last_run_fail;talk_kni,talk_dru;kni;conv;1001;knidru_conv;FALSE;dru;;#;You've left your nature behind.;
;~;;;;;;;;dru;;#;Why wouldn't it abandon you?;
;~;;;;;;;;dru;;#;You've failed of course. And you will continue to.;
;~;;;;;;;;kni;;#;I would like to believe there is more to our nature than survival and battle.;
;~;;;;;;;;dru;;#;Seeing is believing. Nothing else.;
;knidruA_S_0002;last_run_fail;talk_kni,talk_dru;kni;conv;1001;knidru_conv;TRUE;dru;;#;You wouldn't survive a day in the wilderness.;
;~;;;;;;;;dru;;#;What made you think you'd make it through hell, city boy?;
;~;;;;;;;;kni;;#;Quite cold for a hell. Not sure that's the one people fear.;
;~;;;;;;;;dru;;#;Yet we've both seen where their souls truly end up.;
;knidruA_S_0003;last_run_fail;talk_kni,talk_dru;kni;conv;1001;knidru_conv;FALSE;dru;;#;Another failed roll of the dice? And you say the gods favor you.;
;~;;;;;;;;kni;;#;I wouldn't be here if they didn't. Don't bite the hand that feeds you.;
;~;;;;;;;;dru;;#;Don't hold your tongue. Next time finish the saying!;
;~;;;;;;;;dru;;#;To rebel against the masters? It's a compliment.;
;~;;;;;;;;dru;;#;Not that you'd understand, lapdog.;
;knidruB_S_0001;last_run_fail;talk_kni,talk_dru;dru;conv;1001;knidru_conv;TRUE;kni;;#;One cannot receive help if they do not ask for any.;
;~;;;;;;;;dru;;#;And yet the gods give it away freely.;
;knidruB_S_0002;last_run_fail;talk_kni,talk_dru;dru;conv;1001;knidru_conv;TRUE;kni;;#;Need a hand?;
;~;;;;;;;;dru;;#;Shut up, city boy!;
;sorass_M_0001;;talk_sor,talk_ass;sor,ass;conv;1;sorass_conv;FALSE;ass;;;who tf are u;
;~;;;;;;;;sor;;;I'm… Merris.;
;~;;;;;;;;ass;;;i meant what are u doing here;
;~;;;;;;;;sor;;;Well, if you insist on knowing, you're gonna have to stay awhile and listen...;
;~;;;;;;;;@fade;;;;
;sorass_M_0002;;talk_sor,talk_ass;sor,ass;conv;2;sorass_conv;FALSE;sor;;;You think we can beat Death?;
;~;;;;;;;;ass;;;i can. u i doubt;
;~;;;;;;;;sor;;;<.<;
;sorass_M_0003;;talk_sor,talk_ass;sor,ass;conv;3;sorass_conv;FALSE;sor;;;Happen to carry any cool books up here?;
;~;;;;;;;;ass;;;why tf would I carry books to the freezing peak of this goddamn mountain;
;~;;;;;;;;sor;;;You must be fun at parties >.>;
;~;;;;;;;;ass;;;says the bookworm.;
;sorass_M_0004;;talk_sor,talk_ass;sor,ass;conv;4;sorass_conv;FALSE;ass;;;what do u want again?;
;~;;;;;;;;sor;;;I was just thinking if you had my fire you wouldn't be so cold :>;
;~;;;;;;;;ass;;;ha-ha.;
;sorass_M_0005;;talk_sor,talk_ass;sor,ass;conv;5;sorass_conv;FALSE;sor;;;Hi Nixi!! I missed your warm personality!!!;
;~;;;;;;;;ass;;;and i missed ur clownery too.;
;~;;;;;;;;sor;;;So nice of you to say this!! ^^;
;~;;;;;;;;ass;;;y, im nice like that.;
;sorass_M_0006;;talk_sor,talk_ass;sor,ass;conv;6;sorass_conv;FALSE;ass;;;u kn…;
;~;;;;;;;;ass;;;ur not that bad, merris.;
;~;;;;;;;;sor;;;But I wanna be bad!! >.<;
;~;;;;;;;;ass;;;...scratch that.;
;sorass_S_0001;;talk_sor,talk_ass;sor,ass;conv;1000;sorass_conv;TRUE;sor;;;Hey ^^!;
;~;;;;;;;;ass;;;cant talk rn.;
;sorass_S_0003;;talk_sor,talk_ass;sor,ass;conv;1000;sorass_conv;FALSE;sor;;;The murals in these halls are incredible!;
;~;;;;;;;;ass;;;yeah, I guess they're well drawn.;
;~;;;;;;;;sor;;;No, I mean what they are about!;
;~;;;;;;;;ass;;;i'm more of an art than a story person.;
;~;;;;;;;;sor;;;-.-;
;sorass_S_0004;;talk_sor,talk_ass;sor,ass;conv;1000;sorass_conv;TRUE;sor;;;How goes it Nixi :3?;
;~;;;;;;;;ass;;;u rly have nothing better to do, y?;
;~;;;;;;;;sor;;;Yes!! T.T;
;sorass_S_0005;;talk_sor,talk_ass;sor,ass;conv;1001;sorass_conv;TRUE;ass;;;u kn im not the talkative type.;
;~;;;;;;;;sor;;;but that's what makes poking u so much fun!;
;~;;;;;;;;ass;;;...;
;sorass_S_0006;;talk_sor,talk_ass;sor,ass;conv;1000;sorass_conv;TRUE;sor;;;I wonder how many more gods will come to help us!;
;~;;;;;;;;ass;;;yeah, they're having fun aren't they?;
;~;;;;;;;;ass;;;while we toil away for our lives!;
;~;;;;;;;;sor;;;But it's so much fun!!;
;~;;;;;;;;ass;;;.;
;~;;;;;;;;ass;;;u-huh.;
;sorass_S_0007;;talk_sor,talk_ass;sor,ass;conv;1000;sorass_conv;FALSE;sor;;;You're from the Underground right :?;
;~;;;;;;;;sor;;;Is it anything like Death's realm????;
;~;;;;;;;;ass;;;with grass and such? no.;
;~;;;;;;;;ass;;;it's dark, wet and filled with mushrooms.;
;~;;;;;;;;sor;;;:o !!;
;~;;;;;;;;ass;;;i miss home.;
;sorass_S_0008;;talk_sor,talk_ass;sor,ass;conv;1001;sorass_conv;FALSE;sor;;;So how do you make paper in the Underground?;
;~;;;;;;;;ass;;;we trade for it.;
;~;;;;;;;;sor;;;Oh. Disappointingly boring -.-;
;sorassA_S_0001;last_run_fail;talk_sor,talk_ass;sor;conv;1002;sorass_conv;TRUE;sor;;;I failed Nixi T.T;
;~;;;;;;;;ass;;;...;
;~;;;;;;;;ass;;;there there.;
;sorassA_S_0002;last_run_fail;talk_sor,talk_ass;sor;conv;1000;sorass_conv;TRUE;sor;;;I was so close :(;
;~;;;;;;;;ass;;;really?;
;~;;;;;;;;sor;;;No >.>;
;sorassA_S_0003;last_run_fail;talk_sor,talk_ass;sor;conv;1000;sorass_conv;TRUE;sor;;;I really thought I had it this time.;
;~;;;;;;;;ass;;;the fates disagreed;
;sorassA_S_0004;last_run_fail;talk_sor,talk_ass;sor;conv;1000;sorass_conv;TRUE;sor;;;Didn't roll the right gods :@;
;~;;;;;;;;ass;;;i wasn't aware we were the ones throwing the dice;
;sorassA_S_0005;last_run_fail;talk_sor,talk_ass;sor;conv;1002;sorass_conv;TRUE;sor;;;Nixi!! qq;
;~;;;;;;;;ass;;;you... can do it next time, Merris.;
;sorassA_S_0006;last_run_fail;talk_sor,talk_ass;sor;conv;1001;sorass_conv;TRUE;ass;;;so you lost.;
;~;;;;;;;;ass;;;need a shoulder to cry on?;
;~;;;;;;;;sor;;;No! I'm not angry or pissed at all >.<;
;sorassA_S_0007;last_run_fail;talk_sor,talk_ass;sor;conv;1000;sorass_conv;TRUE;sor;;;dead x.x;
;~;;;;;;;;ass;;;you'll get him eventually. we all will.;
;sorassB_S_0001;last_run_fail;talk_sor,talk_ass;ass;conv;1000;sorass_conv;TRUE;sor;;;Don't worry! You can do it, Nixi :);
;~;;;;;;;;ass;;;...;
;sorassB_S_0002;last_run_fail;talk_sor,talk_ass;ass;conv;1000;sorass_conv;TRUE;sor;;;Oh no, didn't go well :(?;
;~;;;;;;;;ass;;;no.;
;sorassB_S_0003;last_run_fail;talk_sor,talk_ass;ass;conv;1001;sorass_conv;TRUE;ass;;;f@%$ this shit I'm so pissed rn;
;~;;;;;;;;sor;;;Didn't go well then :?;
;sorassB_S_0004;last_run_fail;talk_sor,talk_ass;ass;conv;1002;sorass_conv;TRUE;ass;;;f$@% death;
;~;;;;;;;;sor;;;I don't know, he's not my type.;
;~;;;;;;;;ass;;;…;
;sorassB_S_0005;last_run_fail;talk_sor,talk_ass;ass;conv;1000;sorass_conv;TRUE;sor;;;It's ok, next time you can do it ^^;
;~;;;;;;;;ass;;;given how you treat Avoron's failures…;
;~;;;;;;;;ass;;;...not sure if you're being passive aggressive rn;
;~;;;;;;;;sor;;;Uhm, that's different! >.>;
;sorassB_S_0006;last_run_fail;talk_sor,talk_ass;ass;conv;1001;sorass_conv;TRUE;ass;;;.;
;~;;;;;;;;sor;;;:3;
;~;;;;;;;;ass;;;:p;
;sorbar_M_0001;;talk_sor,talk_bar;sor,bar;conv;1;sorbar_conv;FALSE;sor;;;Hi, I'm Merris.;
;~;;;;;;;;bar;;;Kront. Why you kill Death?;
;~;;;;;;;;sor;;;Oh! Why do YOU wanna kill him :P?;
;~;;;;;;;;bar;;;Ok I get. No one say their reasons.;
;sorbar_S_0003;;talk_sor,talk_bar;sor,bar;conv;1000;sorbar_conv;TRUE;sor;;;You've gotta admit, fighting with godly magic is pretty fun.;
;~;;;;;;;;bar;;;I never admit.;
;sorbar_S_0004;;talk_sor,talk_bar;sor,bar;conv;1001;sorbar_conv;TRUE;bar;;;Ok I admit. Setting skellies on fire – fun yes.;
;~;;;;;;;;sor;;;Aha! Magic wins ^^;
;~;;;;;;;;bar;;;Not more fun than cut with steel though.;
;~;;;;;;;;sor;;;:\;
;sorbar_S_0005;;talk_sor,talk_bar;sor,bar;conv;1002;sorbar_conv;TRUE;bar;;;You need train, gain muscle, Merri.;
;~;;;;;;;;sor;;;Hell no! Why??;
;~;;;;;;;;bar;;;So you can wield axe, use instead of magic.;
;~;;;;;;;;bar;;;Is way more fun.;
;~;;;;;;;;sor;;;You'll never make me exercise!!;
;sorbar_S_0006;;talk_sor,talk_bar;sor,bar;conv;1002;sorbar_conv;TRUE;bar;;;Why you always fly?;
;~;;;;;;;;sor;;;It's so cool isn't it!;
;~;;;;;;;;bar;;;No, is too distracting.;
;sorbar_S_0007;;talk_sor,talk_bar;sor,bar;conv;1000;sorbar_conv;TRUE;bar;;;Is too quiet here, we need play music or something.;
;~;;;;;;;;sor;;;Yes! Lets do it! A dance party! ^^;
;~;;;;;;;;bar;;;Ok, I try to make drums for each from scrap leather.;
;~;;;;;;;;sor;;;W-what?! No! That's not music T.T;
;sorbar_S_0008;;talk_sor,talk_bar;sor,bar;conv;1000;sorbar_conv;TRUE;bar;;;Should have come here sooner.;
;~;;;;;;;;sor;;;Why??;
;~;;;;;;;;bar;;;If I known Death hoard all treasures of the world…;
;~;;;;;;;;sor;;;Pillager -.-;
;~;;;;;;;;bar;;;No, no. Is like Robin Hood.;
;sorbarA_S_0001;last_run_fail;talk_sor,talk_bar;sor;conv;1000;sorbar_conv;TRUE;bar;;;Big fancy magic, bigger failure.;
;~;;;;;;;;sor;;;!!;
;sorbarA_S_0002;last_run_fail;talk_sor,talk_bar;sor;conv;1000;sorbar_conv;TRUE;bar;;;Elvish method no work. Maybe give me try.;
;~;;;;;;;;sor;;;:P;
;sorbarA_S_0003;last_run_fail;talk_sor,talk_bar;sor;conv;1000;sorbar_conv;TRUE;bar;;;Magic – no! Only in steel you can trust.;
;~;;;;;;;;bar;;;Maybe try go in with my axe next time.;
;~;;;;;;;;sor;;;I can't even lift your fucking axe :x;
;~;;;;;;;;bar;;;Need train for big muscles then!;
;sorbarA_S_0004;last_run_fail;talk_sor,talk_bar;sor;conv;1000;sorbar_conv;TRUE;bar;;;Need throw bigger fireball next time.;
;~;;;;;;;;sor;;;That's not how my spells work!!;
;sorbarA_S_0005;last_run_fail;talk_sor,talk_bar;sor;conv;1002;sorbar_conv;TRUE;bar;;;Go restore magical energies with tea Merri, give others turn.;
;~;;;;;;;;sor;;;Nuh-uh!! Just one failure, come on! I can do it -.-;
;sorbarA_S_0006;last_run_fail;talk_sor,talk_bar;sor;conv;1001;sorbar_conv;TRUE;bar;;;Is only one failure. Next you have it.;
;~;;;;;;;;sor;;;Oh! Thanks Kront :3;
;sorbarB_S_0001;last_run_fail;talk_sor,talk_bar;bar;conv;1001;sorbar_conv;TRUE;bar;;;Need read fancy book to learn how not fail next time.;
;~;;;;;;;;sor;;;I've got a... book on tea making?;
;~;;;;;;;;bar;;;I take this for fire.;
;~;;;;;;;;sor;;;What?! No!! It's a really useful book we need it!!!;
;~;;;;;;;;bar;;;Ok ok. I leave useless leaf water book alone.;
;sorbarB_S_0002;last_run_fail;talk_sor,talk_bar;bar;conv;1000;sorbar_conv;TRUE;bar;;;Need elvish tips on how to beat Death's magic minions.;
;~;;;;;;;;sor;;;You know, not all elves are good at magic!!;
;~;;;;;;;;bar;;;All elves certainly better than I.;
;sorbarB_S_0003;last_run_fail;talk_sor,talk_bar;bar;conv;1000;sorbar_conv;TRUE;bar;;;Need tips on how to throw fire with axe.;
;~;;;;;;;;sor;;;Have you tried asking Summer?;
;sorbarB_S_0004;last_run_fail;talk_sor,talk_bar;bar;conv;1000;sorbar_conv;TRUE;bar;;;I do big failure. Maybe someone else try.;
;~;;;;;;;;sor;;;Don't give up Kront!! You can do it :);
;sorbarB_S_0005;last_run_fail;talk_sor,talk_bar;bar;conv;1002;sorbar_conv;TRUE;sor;;;Want some calming tea :?;
;~;;;;;;;;bar;;;Ok but don't put leaf in water.;
;sorbarB_S_0006;last_run_fail;talk_sor,talk_bar;bar;conv;1001;sorbar_conv;TRUE;bar;;;I fail. I no deserve to win.;
;~;;;;;;;;sor;;;No-o, you'll do it! Just take a short break maybe :?;
;sorwar_M_0001;;talk_sor,talk_war;sor,war;conv;1;sorwar_conv;FALSE;sor;;;Hi!!! I'm Merris :3;
;~;;;;;;;;war;;;Hi, I'm Skadi.;
;~;;;;;;;;war;;;Lots of people around here. Not what I was expecting.;
;~;;;;;;;;sor;;;Lots of souls in need of saving I imagine!;
;sorwar_M_0002;;talk_sor,talk_war;sor,war;conv;2;sorwar_conv;FALSE;war;;;So you're here to save someone then?;
;~;;;;;;;;sor;;;Oh, I meant souls in need of saving in <i>general</i>.;
;~;;;;;;;;sor;;;But there is a specific <b>one</b> I'm looking for... You?;
;~;;;;;;;;war;;;I'm on a quest to kill Death.;
;~;;;;;;;;sor;;;Really?? So am I!!!;
;~;;;;;;;;war;;;...;
;sorwar_S_0001;;talk_sor,talk_war;sor,war;conv;1000;sorwar_conv;FALSE;war;;;When do you think he'll appear before us?;
;~;;;;;;;;sor;;;He won't!;
;~;;;;;;;;war;;;Why not? We are ravaging his realm!;
;~;;;;;;;;sor;;;Even the greatest heroes are just ants to the gods :>;
;sorwar_S_0002;;talk_sor,talk_war;sor,war;conv;1001;sorwar_conv;FALSE;war;;;Merris, do you have some sort of spell that can help us track Death?;
;~;;;;;;;;sor;;;We can ask his minions nicely!!;
;~;;;;;;;;war;;;...;
;sorwar_S_0003;;talk_sor,talk_war;sor,war;conv;1002;sorwar_conv;FALSE;sor;;;I think I figured out how we can lure Death outside.;
;~;;;;;;;;war;;;How??;
;~;;;;;;;;sor;;;Pretend you're dying and we'll wait nearby!;
;~;;;;;;;;war;;;...;
;~;;;;;;;;war;;;Can't you take this more seriously?;
;~;;;;;;;;sor;;;No!! Serious is boring >.<;
;sorwar_S_0004;asswar_S_0004;talk_sor,talk_war;sor,war;conv;1003;sorwar_conv;FALSE;sor;;;Do you have deers on Svalbrd!??;
;~;;;;;;;;war;;;Why does everyone ask about the stupid deers?!;
;~;;;;;;;;sor;;;Are they fluffy, pls tell me they're fluffyyy!!;
;~;;;;;;;;war;;;Uhh, kinda.;
;~;;;;;;;;sor;;;I need one T.T;
;sorran_M_0001;;talk_sor,talk_ran;sor,ran;conv;1;sorran_conv;FALSE;sor;;;!!;
;~;;;;;;;;sor;;;What are YOU doing here?;
;~;;;;;;;;ran;;;Glad to see me, sis?;
;~;;;;;;;;ran;;;Why, I'm here to save the day.;
;~;;;;;;;;sor;;;Get in line...;
;~;;;;;;;;@fade;;;;
;sorran_M_0002;;talk_sor,talk_ran;sor,ran;conv;2;sorran_conv;FALSE;sor;;;No one to sing you praises around here!;
;~;;;;;;;;sor;;;Oh wait, your own ego is plenty :P;
;~;;;;;;;;ran;;;Your fiery spirit is as cold as ever, sis.;
;sorran_M_0003;;talk_sor,talk_ran;sor,ran;conv;3;sorran_conv;FALSE;sor;;;WHY did you come?;
;~;;;;;;;;ran;;;Why, It's a hero's responsibility.;
;~;;;;;;;;sor;;;!!!;
;~;;;;;;;;sor;;;Some hero you are!;
;sorranA_S_0002;last_run_fail;talk_sor,talk_ran;sor;conv;1001;sorran_conv;TRUE;ran;;;Perhaps you should let me take a shot at it.;
;~;;;;;;;;sor;;;Yeah, cuz that's all you can do!;
;sorranA_S_0003;last_run_fail;talk_sor,talk_ran;sor;conv;1001;sorran_conv;TRUE;sor;;;Don't. Comment.;
;~;;;;;;;;ran;;;I wasn't going to.;
;~;;;;;;;;ran;;;There's nothing worth commenting on.;
;sorranA_S_0004;last_run_fail;talk_sor,talk_ran;sor;conv;1001;sorran_conv;TRUE;sor;;;Wipe that smirk off your face!;
;sorranA_S_0005;last_run_fail;talk_sor,talk_ran;sor;conv;1001;sorran_conv;TRUE;sor;;;You think you can do better?!;
;~;;;;;;;;ran;;;Is that supposed to be rhetorical?;
;sorranA_S_0006;last_run_fail;talk_sor,talk_ran;sor;conv;1001;sorran_conv;TRUE;sor;;;I don't wanna hear any commentary from YOU.;
;~;;;;;;;;ran;;;Why yes, at this point only a demonstration can help you out.;
;~;;;;;;;;sor;;;Ugh.;
;sorranB_S_0001;last_run_fail;talk_sor,talk_ran;ran;conv;1001;sorran_conv;TRUE;ran;;;Death's realm is... quite the challenge.;
;~;;;;;;;;sor;;;Or maybe you're just not that good!;
;sorranB_S_0002;last_run_fail;talk_sor,talk_ran;ran;conv;1001;sorran_conv;FALSE;ran;;;Even I am beholden to the Fates' luck, sis.;
;~;;;;;;;;sor;;;Oh, don't YOU dare speak to me of the Fates!!;
;sorranB_S_0003;last_run_fail;talk_sor,talk_ran;ran;conv;1001;sorran_conv;TRUE;ran;;;It was a one in a million kinda scenario.;
;~;;;;;;;;sor;;;Lots of ones in those millions lately!;
;sorranB_S_0004;last_run_fail;talk_sor,talk_ran;ran;conv;1001;sorran_conv;TRUE;sor;;;"Why, it was sheer bad luck, sis!";
;~;;;;;;;;ran;;;":p";
;sorranB_S_0005;last_run_fail;talk_sor,talk_ran;ran;conv;1001;sorran_conv;TRUE;ran;;;So sometimes I lose.;
;~;;;;;;;;ran;;;Not even the gods are perfect.;
;~;;;;;;;;sor;;;What an apt comparison -.-;
;sorranB_S_0006;last_run_fail;talk_sor,talk_ran;ran;conv;1001;sorran_conv;TRUE;ran;;;Even I can't best ten thousand strong hordes.;
;~;;;;;;;;ran;;;Most of the time.;
;~;;;;;;;;sor;;;Oh, I'm glad it's SLOWLY starting to sink in!!;
;sordru_M_0001;;talk_sor,talk_dru;sor,dru;conv;1;sordru_conv;FALSE;sor;;;Woow, I didn't think feral druids left Ashwood!;
;~;;;;;;;;dru;;;DON'T CALL IT THAT or I'll RIP out your tongue!;
;~;;;;;;;;sor;;;B-but... it's the name T.T;
;~;;;;;;;;dru;;;For outfolk like you.;
;sordru_M_0002;;talk_sor,talk_dru;sor,dru;conv;2;sordru_conv;FALSE;sor;;;So uhm, what's that forest called anyway?;
;~;;;;;;;;sor;;;And is your name really Leaf??;
;~;;;;;;;;dru;;;Names are a foolish concept.;
;~;;;;;;;;sor;;;So why did you get angry about the forest then :?;
;~;;;;;;;;dru;;;This exchange is over.;
;sordru_S_0002;;talk_sor,talk_dru;sor,dru;conv;1000;sordru_conv;FALSE;dru;;#;Careful with that fire, lest your hands turn to ash, sorceress.;
;~;;;;;;;;sor;;#;>.>;
;sordru_S_0003;;talk_sor,talk_dru;sor,dru;conv;1000;sordru_conv;FALSE;sor;;#;What forms can you turn into??;
;~;;;;;;;;sor;;#;Can you turn into a cute cat?;
;~;;;;;;;;dru;;#;Cats aren't cute. They're deadly killers.;
;~;;;;;;;;sor;;#;Deadly cute :3;
;sordru_S_0004;;talk_sor,talk_dru;sor,dru;conv;1002;sordru_conv;FALSE;sor;;#;If I could shapeshift what would my animal be, Leaf??;
;~;;;;;;;;dru;;#;Rabbit.;
;~;;;;;;;;sor;;#;Oh, because I'm nimble like one!;
;~;;;;;;;;dru;;#;Because you're useless food for predators.;
;~;;;;;;;;sor;;#;I knew you'd insult me but I was expecting a different lane :3;
;~;;;;;;;;dru;;#;That too.;
;sordruA_S_0002;last_run_fail;talk_sor,talk_dru;sor;conv;1001;sordru_conv;TRUE;sor;;#;No, Leaf I failed! T.T;
;~;;;;;;;;dru;;#;In nature the weak get eaten, dollface.;
;~;;;;;;;;sor;;#;Is that a jealous compliment, Leaf??;
;~;;;;;;;;dru;;#;You're weird.;
;sordruA_S_0003;last_run_fail;talk_sor,talk_dru;sor;conv;1001;sordru_conv;TRUE;dru;;#;All that magic coursing through your veins, yet nothing.;
;~;;;;;;;;sor;;#;Stop, you sound like Kront T.T;
;sordruB_S_0001;last_run_fail;talk_sor,talk_dru;dru;conv;1001;sordru_conv;TRUE;sor;;#;Don't worry, Leaf you'll get them next time! ^^;
;~;;;;;;;;dru;;#;Shut up, dollface!;
;sordruB_S_0002;last_run_fail;talk_sor,talk_dru;dru;conv;1001;sordru_conv;TRUE;sor;;#;Why the angry face, Leaf, there's always another try :3;
;~;;;;;;;;dru;;#;Another try sounds perfect.;
;assbar_M_0001;;talk_ass,talk_bar;ass,bar;conv;1;assbar_conv;FALSE;bar;;;You come to kill Death. Why?;
;~;;;;;;;;ass;;;wdym, isn't it obvious;
;~;;;;;;;;bar;;;What isn't?;
;~;;;;;;;;ass;;;who doesn't wanna kill death?;
;~;;;;;;;;bar;;;Aah, the thrill of conquest! This I can understand.;
;assbar_M_0002;;talk_ass,talk_bar;ass,bar;conv;2;assbar_conv;FALSE;bar;;;So what is name, pink elf?;
;~;;;;;;;;ass;;;Don’t call someone a "pink elf"!!;
;~;;;;;;;;bar;;;Ok, I am Kront.;
;~;;;;;;;;ass;;;im nixi, green barbarian.;
;~;;;;;;;;bar;;;Ha! We make good friends, I know.;
;~;;;;;;;;ass;;;y, doubt;
;assbar_M_0003;;talk_ass,talk_bar;ass,bar;conv;3;assbar_conv;FALSE;bar;;;So how you fight? What magic you use?;
;~;;;;;;;;ass;;;magic?? I use weapons!!;
;~;;;;;;;;bar;;;This is weapon?;
;~;;;;;;;;ass;;;!;
;~;;;;;;;;ass;;;we'll see who gets him first, lumberjack!;
;~;;;;;;;;bar;;;Is contest then.;
;assbar_M_0004;kill_VampireLord;talk_ass,talk_bar;ass,bar;conv;4;assbar_conv;FALSE;bar;;;So why you want kill Death?;
;~;;;;;;;;ass;;;this again? why dont u tell me ur reason first!;
;~;;;;;;;;bar;;;What greater glory than kill Death?;
;~;;;;;;;;ass;;;that's it? glory??;
;~;;;;;;;;bar;;;What else?;
;~;;;;;;;;ass;;;immortality comes to mind...;
;assbar_M_0005;kill_VampireLord;talk_ass,talk_bar;ass,bar;conv;5;assbar_conv;FALSE;bar;;;So why you want be immortal?;
;~;;;;;;;;ass;;;isn't it <b>obvious</b>?;
;~;;;;;;;;bar;;;Same question you ask, but I still don't get.;
;~;;;;;;;;ass;;;what beats having more time?;
;~;;;;;;;;bar;;;This good point, hourglass very useful.;
;~;;;;;;;;ass;;;...;
;assbar_M_0006;kill_VampireLord;talk_ass,talk_bar;ass,bar;conv;6;assbar_conv;FALSE;bar;;;I think you just scared to die N.;
;~;;;;;;;;bar;;;All die. Is matter how you die.;
;~;;;;;;;;ass;;;like getting urself killed "for glory"?;
;~;;;;;;;;bar;;;Only… legacy give true immortality.;
;~;;;;;;;;ass;;;u dont sound that confident, K;
;~;;;;;;;;ass;;;Only immortality gives <b>true</b> immortality.;
;assbar_S_0001;;talk_ass,talk_bar;ass,bar;conv;1000;assbar_conv;FALSE;ass;;;how did u learn about the entrance?;
;~;;;;;;;;bar;;;Is great legend in Morgut culture. I seek highest peak – I find.;
;~;;;;;;;;ass;;;wow. I wish my journey here was that easy.;
;assbar_S_0002;;talk_ass,talk_bar;ass,bar;conv;1000;assbar_conv;FALSE;ass;;;sup K;
;~;;;;;;;;bar;;;I don't want soup.;
;~;;;;;;;;ass;;;what?;
;~;;;;;;;;bar;;;Soup just drink. Eat tough food, make you tough.;
;~;;;;;;;;ass;;;...cant jump over that language barrier…;
;~;;;;;;;;ass;;;i’ll try to be more unequivocal i guess;
;~;;;;;;;;bar;;;...?;
;~;;;;;;;;ass;;;speak clear.;
;assbar_S_0003;;talk_ass,talk_bar;ass,bar;conv;1001;assbar_conv;FALSE;ass;;;so… what languages do you speak?;
;~;;;;;;;;bar;;;Morgut, Unduli and some of your Elvishes.;
;~;;;;;;;;ass;;;damn, u a polyglot;
;~;;;;;;;;bar;;;No gloat, just truth.;
;assbar_S_0004;;talk_ass,talk_bar;ass,bar;conv;1002;assbar_conv;FALSE;ass;;;i feel like im a bit ahead on the contest.;
;~;;;;;;;;bar;;;How you figure?;
;~;;;;;;;;ass;;;ur old n slow.;
;~;;;;;;;;bar;;;Ha! No, no. You just arrogant rabbit.;
;~;;;;;;;;ass;;;Rabbit?!;
;~;;;;;;;;bar;;;Yes, but turtle always win.;
;assbarA_S_0001;last_run_fail;talk_ass,talk_bar;ass;conv;1001;assbar_conv;TRUE;ass;;;.;
;~;;;;;;;;bar;;;Is another failure then?;
;~;;;;;;;;ass;;;.;
;assbarA_S_0002;last_run_fail;talk_ass,talk_bar;ass;conv;1000;assbar_conv;TRUE;bar;;;Sometimes Fates joke around. Next you succeed.;
;~;;;;;;;;ass;;;thx ill try.;
;assbarA_S_0003;last_run_fail;talk_ass,talk_bar;ass;conv;1000;assbar_conv;TRUE;bar;;;How can win without armor?;
;~;;;;;;;;ass;;;!;
;~;;;;;;;;ass;;;you're one to talk!;
;~;;;;;;;;bar;;;Abs tough as iron. No need.;
;assbarA_S_0004;last_run_fail;talk_ass,talk_bar;ass;conv;1000;assbar_conv;TRUE;bar;;;Maybe don't use toothpicks to fight next attempt, N.;
;~;;;;;;;;ass;;;ha-ha.;
;assbarA_S_0005;last_run_fail;talk_ass,talk_bar;ass;conv;1000;assbar_conv;TRUE;bar;;;You can't win without steel in hands, N.;
;~;;;;;;;;ass;;;I have daggers!!;
;~;;;;;;;;bar;;;Utensil don't count.;
;assbarA_S_0006;last_run_fail;talk_ass,talk_bar;ass;conv;1001;assbar_conv;TRUE;bar;;;Can't outrun beast in its den.;
;~;;;;;;;;ass;;;oo, hitting me with some smart riddles now, huh?;
;~;;;;;;;;bar;;;Is just basic hunting.;
;assbarB_S_0001;last_run_fail;talk_ass,talk_bar;bar;conv;1000;assbar_conv;TRUE;ass;;;conquest let you down?;
;~;;;;;;;;bar;;;Failure is my own.;
;assbarB_S_0002;last_run_fail;talk_ass,talk_bar;bar;conv;1000;assbar_conv;TRUE;ass;;;find anything useful at least?;
;~;;;;;;;;bar;;;Laugh it up, N. Next attempt I have it.;
;assbarB_S_0003;last_run_fail;talk_ass,talk_bar;bar;conv;1000;assbar_conv;TRUE;ass;;;b so soon? forgot ur axe or somethin?;
;~;;;;;;;;bar;;;Was in bad shape. Next time I win.;
;assbarB_S_0004;last_run_fail;talk_ass,talk_bar;bar;conv;1001;assbar_conv;TRUE;ass;;;"next time you win?";
;~;;;;;;;;bar;;;You want try?;
;~;;;;;;;;ass;;;eh, busy rn;
;assbarB_S_0005;last_run_fail;talk_ass,talk_bar;bar;conv;1002;assbar_conv;TRUE;ass;;;steel let you down or something?;
;~;;;;;;;;bar;;;Insult I, but weapon not.;
;~;;;;;;;;ass;;;sry, I'll leave your axefu out of it then;
;assbarB_S_0006;last_run_fail;talk_ass,talk_bar;bar;conv;1001;assbar_conv;TRUE;ass;;;have fun at least?;
;~;;;;;;;;bar;;;Failure no fun. But combat was good.;
;assbarB_S_0007;last_run_fail;talk_ass,talk_bar;bar;conv;1002;assbar_conv;FALSE;ass;;;kill a bunch of em at least?;
;~;;;;;;;;bar;;;.;
;~;;;;;;;;bar;;;...;
;~;;;;;;;;bar;;;Skeletons yes! I destroy many of them!;
;~;;;;;;;;bar;;;Glorious battle it was!;
;asswar_M_0001;;talk_ass,talk_war;ass,war;conv;1;asswar_conv;FALSE;war;;;So, you're an assassin?;
;~;;;;;;;;ass;;;y;
;~;;;;;;;;war;;;I'm. Skadi.;
;~;;;;;;;;ass;;;nixi;
;~;;;;;;;;ass;;;good talk.;
;asswar_M_0002;;talk_ass,talk_war;ass,war;conv;2;asswar_conv;FALSE;ass;;;u're a svalbrd highlander, no?;
;~;;;;;;;;war;;;Was it the hair?;
;~;;;;;;;;war;;;No, wait. The skirt.;
;~;;;;;;;;ass;;;...;
;~;;;;;;;;war;;;Sorry. That was rude of me.;
;asswar_M_0003;;talk_ass,talk_war;ass,war;conv;3;asswar_conv;FALSE;war;;;Sorry again for last time.;
;~;;;;;;;;war;;;What's it like where you come from?;
;~;;;;;;;;ass;;;goblins, trolls, mushroom kings. that kinda stuff;
;~;;;;;;;;ass;;;we dark elves live underground u kn;
;~;;;;;;;;war;;;Sounds dangerous.;
;~;;;;;;;;ass;;;its quite peaceful actually;
;~;;;;;;;;ass;;;everything is very low energy.;
;asswar_M_0004;;talk_ass,talk_war;ass,war;conv;4;asswar_conv;FALSE;war;;;So, what led you here?;
;~;;;;;;;;ass;;;?;
;~;;;;;;;;ass;;;gonna kill death. personal reasons.;
;~;;;;;;;;war;;;I see.;
;~;;;;;;;;war;;;Well… uhm. Sounds good.;
;asswar_M_0005;;talk_ass,talk_war;ass,war;conv;5;asswar_conv;FALSE;ass;;;u?;
;~;;;;;;;;war;;;Sorry?;
;~;;;;;;;;ass;;;why are u here?;
;~;;;;;;;;war;;;To become a hero.;
;~;;;;;;;;ass;;;odd goal.;
;asswar_M_0006;kill_VampireLord;talk_ass,talk_war;ass,war;conv;6;asswar_conv;FALSE;ass;;;so why do u want to be a "hero"?;
;~;;;;;;;;war;;;To prove myself.;
;~;;;;;;;;ass;;;u dont need others to tell u who u are.;
;~;;;;;;;;war;;;It's not for others.;
;asswar_S_0001;;talk_ass,talk_war;ass,war;conv;1000;asswar_conv;FALSE;ass;;;u fish?;
;~;;;;;;;;war;;;Fish? I'm not very good at it.;
;~;;;;;;;;ass;;;oh well.;
;asswar_S_0002;;talk_ass,talk_war;ass,war;conv;1001;asswar_conv;FALSE;war;;;I've… never heard of assassin heroes.;
;~;;;;;;;;ass;;;what about the Prince of Ers?;
;~;;;;;;;;war;;;Never heard of him.;
;~;;;;;;;;ass;;;its cuz he was really good.;
;~;;;;;;;;war;;;Oh, I see.;
;asswar_S_0004;;talk_ass,talk_war;ass,war;conv;1003;asswar_conv;FALSE;ass;;;sorry, ive always wondered…;
;~;;;;;;;;ass;;;is it true u have reindeer races in svalbrd?;
;~;;;;;;;;war;;;yes.;
;~;;;;;;;;ass;;;Oh wow! Awesome!!;
;~;;;;;;;;war;;;It's not. They barely do any racing.;
;asswar_S_0005;;talk_ass,talk_war;ass,war;conv;1004;asswar_conv;FALSE;war;;;Is this inappropriate of me to ask?;
;~;;;;;;;;ass;;;shoot;
;~;;;;;;;;war;;;...Is it true your skin glows under moonlight?;
;~;;;;;;;;ass;;;And it sparkles.;
;~;;;;;;;;war;;;Ohh… I wish mine did too.;
;~;;;;;;;;ass;;;u dont. it gets old fast.;
;asswar_S_0006;;talk_ass,talk_war;ass,war;conv;1005;asswar_conv;FALSE;war;;;So… mushroom kings?;
;~;;;;;;;;ass;;;yep. our king died just a few years ago.;
;~;;;;;;;;ass;;;not sure what's going on now, haven't been down there.;
;~;;;;;;;;war;;;are they like… evil or?;
;~;;;;;;;;ass;;;oh no, it was a peaceful thing.;
;~;;;;;;;;ass;;;connected all the tunnels for us, supplied us with…;
;~;;;;;;;;ass;;;…u kn what, never mind. I'm not good at lectures.;
;~;;;;;;;;ass;;;ask Merris, she'll know.;
;asswar_S_0007;;talk_ass,talk_war;ass,war;conv;1006;asswar_conv;TRUE;ass;;;u think mushrooms go to death's realm when they die?;
;~;;;;;;;;war;;;I imagine everything does.;
;~;;;;;;;;ass;;;cool. I might meet the king.;
;asswar_S_0008;;talk_ass,talk_war;ass,war;conv;1007;asswar_conv;TRUE;war;;;So if you backstab Death in the dark, who's gonna tell the tale?;
;~;;;;;;;;ass;;;ill leave it to the bards to make something up.;
;~;;;;;;;;ass;;;their bullshit is always good cover.;
;asswarA_S_0001;last_run_fail;talk_ass,talk_war;ass;conv;1001;asswar_conv;TRUE;war;;;Didn't see him I imagine?;
;~;;;;;;;;ass;;;one of those attempts we don't talk about.;
;asswarA_S_0002;last_run_fail;talk_ass,talk_war;ass;conv;1000;asswar_conv;TRUE;war;;;See him down there?;
;~;;;;;;;;ass;;;no comment.;
;asswarA_S_0003;last_run_fail and asswar_S_0002;talk_ass,talk_war;ass;conv;1002;asswar_conv;FALSE;war;;;Is this how that Prince of Ers quested?;
;~;;;;;;;;ass;;;being mocked by the newbie now.;
;~;;;;;;;;ass;;;sometimes I wish assassin heroes didn't stab their bards.;
;asswarA_S_0004;last_run_fail;talk_ass,talk_war;ass;conv;1000;asswar_conv;TRUE;war;;;Can't you stealth around to find him?;
;~;;;;;;;;ass;;;I wish.;
;asswarB_S_0001;last_run_fail;talk_ass,talk_war;war;conv;1000;asswar_conv;TRUE;war;;;I'd ask for advice, but we're in entirely different trades here.;
;~;;;;;;;;ass;;;dont lose.;
;~;;;;;;;;war;;;That is so general and useless that it's actually compatible.;
;asswarB_S_0002;last_run_fail;talk_ass,talk_war;war;conv;1000;asswar_conv;TRUE;war;;;How does an assassin deal with failure?;
;~;;;;;;;;ass;;;havent met many. cant say.;
;~;;;;;;;;ass;;;personally, i run.;
;asswarB_S_0003;last_run_fail;talk_ass,talk_war;war;conv;1000;asswar_conv;TRUE;ass;;;a failure that doesnt lead to ur death or discovery is just a step.;
;~;;;;;;;;war;;;Death does know of us though.;
;~;;;;;;;;ass;;;if ur target doesnt care for u, ur still clear.;
;~;;;;;;;;ass;;;let them underestimate until the dagger is at their throat.;
;assran_M_0001;;talk_ass,talk_ran;ass,ran;conv;1;assran_conv;FALSE;ran;;;I didn't think I'd ever see a moon elf.;
;~;;;;;;;;ass;;;im not a moon elf!;
;~;;;;;;;;ran;;;Oh, so you're from the.. Underground.;
;~;;;;;;;;ass;;;disappointed?!;
;~;;;;;;;;ran;;;Yes, a little.;
;assran_M_0002;;talk_ass,talk_ran;ass,ran;conv;2;assran_conv;FALSE;ran;;;Why, I just remembered we skipped the introductions.;
;~;;;;;;;;ran;;;I'm Lorien.;
;~;;;;;;;;ass;;;ur sis told me. im nixi.;
;~;;;;;;;;ran;;;Splendid. ;
;~;;;;;;;;ass;;;cool.;
;assran_M_0003;;talk_ass,talk_ran;ass,ran;conv;3;assran_conv;FALSE;ran;;;I thought you wraith elves didn't surface much.;
;~;;;;;;;;ass;;;im not some reptile that "surfaces"!;
;~;;;;;;;;ran;;;They're called "fish".;
;~;;;;;;;;ass;;;dont talk to me like ive lived my whole life in a hole!;
;~;;;;;;;;ran;;;Well.;
;~;;;;;;;;ass;;;... ..;
;~;;;;;;;;ass;;;...shut up!;
;assran_M_0004;;talk_ass,talk_ran;ass,ran;conv;4;assran_conv;FALSE;ran;;;So, is the Underground anything like the Underworld?;
;~;;;;;;;;ass;;;not even a little.;
;~;;;;;;;;ran;;;Dirtier then?;
;~;;;;;;;;ass;;;and more stimulating.;
;~;;;;;;;;ran;;;Right... Not on the same page at all.;
;assran_M_0005;;talk_ass,talk_ran;ass,ran;conv;5;assran_conv;FALSE;ran;;;Is there much need for assassins in the Underground?;
;~;;;;;;;;ass;;;y, so we can deal with the ones of ur kind trying to dig us out.;
;~;;;;;;;;ran;;;Oh.;
;assran_M_0006;;talk_ass,talk_ran;ass,ran;conv;6;assran_conv;FALSE;ass;;;merris never said she was royalty.;
;~;;;;;;;;ran;;;Hard to tell isn't it? She doesn't act the part at all.;
;~;;;;;;;;ass;;;n u dont dress the part.;
;~;;;;;;;;ran;;;This is a practical outfit.;
;~;;;;;;;;ran;;;Heroism takes precedence over style.;
;assran_S_0001;;talk_ass,talk_ran;ass,ran;conv;7;assran_conv;FALSE;ran;;;So how do you feel about being called "dwarf elves"?;
;~;;;;;;;;ass;;;its a compliment, theyre great fun.;
;~;;;;;;;;ran;;;What?! But... you're elves! Refined and elegant...;
;~;;;;;;;;ran;;;And dwarves are so... so... rowdy.;
;~;;;;;;;;ass;;;y. nothing like a dwarf feast.;
;~;;;;;;;;ran;;;Haven't had the "luxury" to experience one.;
;assranB_S_0001;last_run_fail and assran_M_0003;talk_ass,talk_ran;ran;conv;1001;assran_conv;FALSE;ran;;;Shouldn't you feel just at home in that Underworld?;
;~;;;;;;;;ass;;;as I said, they're nothing alike!;
;assranB_S_0002;last_run_fail;talk_ass,talk_ran;ran;conv;1001;assran_conv;FALSE;ran;;;Such a gloomy place down there.;
;~;;;;;;;;ass;;;something wrong with gloom?;
;~;;;;;;;;ran;;;Right. Apologies.;
;assdru_M_0001;;talk_ass,talk_dru;ass,dru;conv;1;assdru_conv;FALSE;ass;;;great, a druid.;
;~;;;;;;;;dru;;;A wraith elf?! Now?!;
;~;;;;;;;;dru;;;The Fates mock me.;
;~;;;;;;;;ass;;;u prob deserve it;
;assdru_S_0001;;talk_ass,talk_dru;ass,dru;conv;1001;assdru_conv;FALSE;dru;;;I spent two months looking for your blood, elf.;
;~;;;;;;;;ass;;;What?!;
;~;;;;;;;;dru;;;Wraith elf blood. Rare.;
;~;;;;;;;;dru;;;I didn't think I'd ever see one of you in the flesh.;
;~;;;;;;;;ass;;;and i hoped id never see one of you;
;assdru_S_0002;;talk_ass,talk_dru;ass,dru;conv;1002;assdru_conv;FALSE;ass;;;wtf were u gonna do with wraith elf blood?;
;~;;;;;;;;ass;;;...just curious.;
;~;;;;;;;;dru;;;Ritual to restore dead trees. It requires wraith blood.;
;~;;;;;;;;ass;;;a more uplifting story than i thought actually.;
;assdru_S_0003;;talk_ass,talk_dru;ass,dru;conv;1003;assdru_conv;FALSE;ass;;;sorry i couldn't donate any i guess. wraith elf blood;
;~;;;;;;;;dru;;;Dough nayt? I don't understand.;
;~;;;;;;;;ass;;;nvm, forget about it.;
;assdru_S_0004;;talk_ass,talk_dru;ass,dru;conv;1004;assdru_conv;FALSE;ass;;;sorry about your forest.;
;~;;;;;;;;ass;;;I know what it feels like to have your homeland... you know.;
;~;;;;;;;;dru;;;T-... T-thnk yu.;
;~;;;;;;;;ass;;;given the teeth-grinding, ill assume u dont use those words often.;
;~;;;;;;;;ass;;;im one to talk though...;
;assdru_S_0005;;talk_ass,talk_dru;ass,dru;conv;1005;assdru_conv;FALSE;ass;;;u kn animals take baths too right?;
;~;;;;;;;;dru;;;You must be thinking of worms.;
;~;;;;;;;;dru;;;Most regular creatures hide when it rains.;
;~;;;;;;;;ass;;;rain is not a... whatever.;
;barwar_M_0001;;talk_bar,talk_war;bar,war;conv;1;barwar_conv;FALSE;war;;;!;
;~;;;;;;;;war;;;!!;
;~;;;;;;;;bar;;;Why you stare, warrior?;
;~;;;;;;;;war;;;You're... you're…;
;~;;;;;;;;war;;;And the metal arm and everything… it can't be!;
;~;;;;;;;;war;;;You're Kront!! And you called me a warrior too!;
;~;;;;;;;;bar;;;Ha, calm down. Take breath, is few air here.;
;~;;;;;;;;bar;;;Look, is a lot to explain, but I try best.;
;~;;;;;;;;@fade;;;;
;~;;;;;;;;bar;;;You just go kill Death now, we talk more later.;
;barwar_M_0002;;talk_bar,talk_war;bar,war;conv;2;barwar_conv;FALSE;bar;;;Warrior, I forgot to ask name.;
;~;;;;;;;;war;;;I'm… I'm Skadi.;
;~;;;;;;;;bar;;;Why you so frozen?;
;~;;;;;;;;war;;;I'm just. I-... I… you are a legend. Standing before me.;
;~;;;;;;;;bar;;;Ah, old legend. Can't trust old legend.;
;~;;;;;;;;bar;;;Passed through too many people.;
;barwar_M_0003;;talk_bar,talk_war;bar,war;conv;3;barwar_conv;FALSE;war;;;I didn't expect to find one such as you here.;
;~;;;;;;;;bar;;;You think me mighty warrior, yes?;
;~;;;;;;;;bar;;;Old barbarians like me have to find final quest to die on.;
;~;;;;;;;;bar;;;Ha-ha! But no worry, you do this! Your joints still move smoothly.;
;~;;;;;;;;war;;;Lets hope I don't disappoint...;
;barwar_M_0004;;talk_bar,talk_war;bar,war;conv;4;barwar_conv;FALSE;bar;;;First time trying to kill a god?;
;~;;;;;;;;war;;;First time questing professionally really…;
;~;;;;;;;;bar;;;Gonna make great story then.;
;~;;;;;;;;bar;;;Newcomer beats useless veterans!;
;~;;;;;;;;bar;;;Ha! I root for you just to see face of others.;
;barwar_M_0005;seen_VampireLord;talk_bar,talk_war;bar,war;conv;5;barwar_conv;FALSE;war;;;If I may ask… what led you here?;
;~;;;;;;;;bar;;;I said - final quest to die on!;
;~;;;;;;;;war;;;But… that can't really be it, right? You can't be done with it!;
;~;;;;;;;;bar;;;Fame and glory not all it's famed up to be, warrior.;
;barwar_M_0006;seen_VampireLord;talk_bar,talk_war;bar,war;conv;6;barwar_conv;FALSE;bar;;;Hero is one driven by purpose, not quest, warrior.;
;~;;;;;;;;war;;;...you're saying I'm... not cut out to be one.;
;~;;;;;;;;bar;;;No. Is just advice to think on.;
;~;;;;;;;;bar;;;Think is important. I don't do enough when young.;
;~;;;;;;;;bar;;;Now old and regretful.;
;barwar_M_0007;kill_VampireLord;talk_bar,talk_war;bar,war;conv;7;barwar_conv;FALSE;war;;;I thought about what you said and…;
;~;;;;;;;;war;;;I want to prove myself, to become more than I am.;
;~;;;;;;;;war;;;Is that not a purpose? A quest?;
;~;;;;;;;;bar;;;This depend. There is more depth to statement.;
;~;;;;;;;;bar;;;Dig deeper. Ask the why.;
;~;;;;;;;;bar;;;Wish I asked why when was your age.;
;barwar_S_0001;;talk_bar,talk_war;bar,war;conv;1000;barwar_conv;FALSE;bar;;;Is good to finally have true warrior here.;
;~;;;;;;;;war;;;Me? But this place is filled with heroes!;
;~;;;;;;;;bar;;;I say warrior, not hero.;
;~;;;;;;;;war;;;Oh...;
;~;;;;;;;;bar;;;Only you check both.;
;~;;;;;;;;war;;;!;
;barwar_S_0002;;talk_bar,talk_war;bar,war;conv;1001;barwar_conv;FALSE;bar;;;Why not axe? Axe superior to sword.;
;~;;;;;;;;war;;;This is a highlander sword, mind you.;
;~;;;;;;;;bar;;;Ok, this fair point.;
;barwar_S_0003;;talk_bar,talk_war;bar,war;conv;1002;barwar_conv;FALSE;bar;;;Fought alongside one of your kin. Strong woman.;
;~;;;;;;;;war;;;Hildr the Brave? Against that horde of demons?;
;~;;;;;;;;bar;;;Hildr the Reckless more better.;
;~;;;;;;;;war;;;Coming from you?;
;~;;;;;;;;bar;;;Is another fair point.;
;barwar_S_0004;;talk_bar,talk_war;bar,war;conv;1003;barwar_conv;FALSE;war;;;Got some mythical stories to tell?;
;~;;;;;;;;bar;;;Only remember bard hyperbole.;
;~;;;;;;;;war;;;I don't mind!;
;~;;;;;;;;bar;;;Join me hunt tomorrow.;
;~;;;;;;;;bar;;;I remember story straight by then.;
;barwar_S_0005;;talk_bar,talk_war;bar,war;conv;1004;barwar_conv;FALSE;bar;;;Missing ale here.;
;~;;;;;;;;war;;;Yeah... Maybe we can find some down there.;
;~;;;;;;;;bar;;;I ask shopkeeper!;
;barwarA_S_0001;last_run_fail;talk_bar,talk_war;bar;conv;1010;barwar_conv;TRUE;war;;;Did you defeat him?!;
;~;;;;;;;;bar;;;Ha-ha! No. This I expect you to beat me to.;
;~;;;;;;;;bar;;;I'll just clear path a bit.;
;barwarA_S_0002;last_run_fail;talk_bar,talk_war;bar;conv;1000;barwar_conv;TRUE;bar;;;I know one bard who will write about this failure.;
;~;;;;;;;;war;;;They'll never find out.;
;~;;;;;;;;bar;;;Bards have their ways. Fear bards, Skadi. Is only enemy can't be defeated with weapon.;
;barwarA_S_0003;last_run_fail;talk_bar,talk_war;bar;conv;1003;barwar_conv;TRUE;war;;;It's odd, seeing my idols fail.;
;~;;;;;;;;bar;;;Idols always fall to ground. Careful where you put them.;
;barwarA_S_0004;last_run_fail;talk_bar,talk_war;bar;conv;1000;barwar_conv;TRUE;bar;;;Don't learn from me, warrior.;
;~;;;;;;;;war;;;Failure is a great teacher?;
;~;;;;;;;;bar;;;Ok. Do opposite of what I do!;
;barwarA_S_0006;last_run_fail;talk_bar,talk_war;bar;conv;1001;barwar_conv;TRUE;war;;;An attempt the bards will write about?;
;~;;;;;;;;bar;;;Not if I sees them scribbling.;
;barwarB_S_0001;last_run_fail;talk_bar,talk_war;war;conv;1000;barwar_conv;TRUE;war;;;I failed. But I'll get to him next time.;
;~;;;;;;;;bar;;;That's the spirit!;
;barwarB_S_0002;last_run_fail;talk_bar,talk_war;war;conv;1000;barwar_conv;TRUE;bar;;;Don't despair cuz failure.;
;~;;;;;;;;bar;;;One time I climb this mountain, I fall three times.;
;~;;;;;;;;bar;;;One time pushed by Yeti, next by avalanche.;
;~;;;;;;;;war;;;Third?;
;~;;;;;;;;bar;;;Slipped hand on rock.;
;barwarB_S_0003;last_run_fail;talk_bar,talk_war;war;conv;1000;barwar_conv;TRUE;bar;;;All epic quest must have downfall arc.;
;~;;;;;;;;war;;;Still waiting for the uptick.;
;barwarB_S_0004;last_run_fail;talk_bar,talk_war;war;conv;1001;barwar_conv;TRUE;bar;;;Failure is good teacher.;
;~;;;;;;;;war;;;I haven't heard much about your failures.;
;~;;;;;;;;bar;;;No bard would write that - they'd lose job! If I find them, anyway.;
;barwarB_S_0005;last_run_fail;talk_bar,talk_war;war;conv;1002;barwar_conv;FALSE;bar;;;How go?;
;~;;;;;;;;war;;;If it wasn't for the Hourglass, I'd be dead...;
;~;;;;;;;;bar;;;Bah, heroes always get help.;
;~;;;;;;;;bar;;;Dumb luck and miracles is part of profession.;
;barwarB_S_0006;last_run_fail;talk_bar,talk_war;war;conv;1001;barwar_conv;TRUE;war;;;How do you deal with the failures?!;
;~;;;;;;;;bar;;;Be simple-minded.;
;~;;;;;;;;war;;;Single-minded?;
;~;;;;;;;;bar;;;Yes, this.;
;barran_M_0001;;talk_bar,talk_ran;bar,ran;conv;1;barran_conv;FALSE;ran;;;I am Lorien, prince of the Skyglades.;
;~;;;;;;;;bar;;;As long as you not king!;
;~;;;;;;;;bar;;;Those tend to lose heads.;
;~;;;;;;;;ran;;;Astonishing! You're Kront.;
;~;;;;;;;;ran;;;I thought you were dead.;
;~;;;;;;;;bar;;;Ha! Many think. Still around.;
;barran_M_0002;;talk_bar,talk_ran;bar,ran;conv;2;barran_conv;FALSE;bar;;;Ha-ha, so obvious you brother of Merri!;
;~;;;;;;;;ran;;;Yes, red and blue hair colors are an obvious sibling trait.;
;~;;;;;;;;bar;;;Sibling is in do, not see.;
;~;;;;;;;;bar;;;You same kind of showy, elf.;
;~;;;;;;;;bar;;;And same you come to help! Is good to have you.;
;~;;;;;;;;ran;;;Right.;
;barran_S_0001;;talk_bar,talk_ran;bar,ran;conv;1000;barran_conv;FALSE;ran;;;Surely you could have learned the common tongue in all your travels.;
;~;;;;;;;;bar;;;Only elf hero spend time take baths and read book.;
;~;;;;;;;;bar;;;Barbarian do quest through blood and sweat.;
;~;;;;;;;;ran;;;Right. I can smell it.;
;barranA_S_0001;last_run_fail;talk_bar,talk_ran;bar;conv;1001;barran_conv;TRUE;bar;;;You think you can do better, go try.;
;~;;;;;;;;ran;;;Not really in the mood right now.;
;~;;;;;;;;bar;;;Ha-ha! Mood control brain?;
;~;;;;;;;;ran;;;I... can't even respond to this.;
;barranA_S_0003;last_run_fail;talk_bar,talk_ran;bar;conv;1001;barran_conv;TRUE;bar;;;Spirits no guide me this time.;
;~;;;;;;;;ran;;;What do the spirits have to do with slashing at skeletons?;
;~;;;;;;;;bar;;;You wouldn't get. No ancestral connection.;
;barranA_S_0004;last_run_fail;talk_bar,talk_ran;bar;conv;1001;barran_conv;TRUE;bar;;;You fall and get back up again. Is hero's journey.;
;~;;;;;;;;ran;;;Right, I imagine you've done a lot of falling.;
;barranA_S_0005;last_run_fail;talk_bar,talk_ran;bar;conv;1001;barran_conv;TRUE;bar;;;So why you no fly like Merri?;
;~;;;;;;;;ran;;;Because I'm not a sorceror.;
;~;;;;;;;;bar;;;O-oh. Right.;
;barranA_S_0006;last_run_fail;talk_bar,talk_ran;bar;conv;1001;barran_conv;TRUE;bar;;;Why hair blue?;
;~;;;;;;;;ran;;;Why, elven blood.;
;~;;;;;;;;bar;;;So Merri just common blood then.;
;~;;;;;;;;ran;;;It's the magic within, not the blood's color...;
;barranB_S_0001;last_run_fail;talk_bar,talk_ran;ran;conv;1001;barran_conv;FALSE;bar;;;Unlike Merri, physically you strong.;
;~;;;;;;;;bar;;;But you need use good weapon, not stick.;
;~;;;;;;;;bar;;;Maybe put steel at end of stick and things work out.;
;~;;;;;;;;ran;;;Do you know how much strength it takes to draw this?;
;~;;;;;;;;ran;;;Are you seriously disrespecting the bow?!;
;~;;;;;;;;bar;;;Don't see Death skull.;
;~;;;;;;;;ran;;;Right. I'll give you this one.;
;barranB_S_0002;last_run_fail;talk_bar,talk_ran;ran;conv;1001;barran_conv;TRUE;bar;;;This just one of many more to come.;
;~;;;;;;;;ran;;;I expect only a few more tries.;
;barranB_S_0003;last_run_fail;talk_bar,talk_ran;ran;conv;1001;barran_conv;TRUE;bar;;;Maybe Merri beat you to finish line.;
;~;;;;;;;;ran;;;My sister? She's a fragile pampered princess.;
;~;;;;;;;;bar;;;Funny, she say same of you.;
;barranB_S_0004;last_run_fail;talk_bar,talk_ran;ran;conv;1001;barran_conv;TRUE;ran;;;The stars weren't aligned on this one.;
;~;;;;;;;;bar;;;What stars have to do with shoot at skellies?;
;~;;;;;;;;ran;;;I don't expect you to understand.;
;bardru_M_0001;;talk_bar,talk_dru;bar,dru;conv;1;bardru_conv;FALSE;dru;;;Ha! A beast like me.;
;~;;;;;;;;bar;;;Barbarian not savage like druids.;
;~;;;;;;;;dru;;;Tell that to the old friends you'll see below.;
;bardru_M_0002;;talk_bar,talk_dru;bar,dru;conv;2;bardru_conv;FALSE;bar;;;Why you come here, druid?;
;~;;;;;;;;bar;;;No bloodshed in the Underworld.;
;~;;;;;;;;dru;;;The sweetest blood to spill is that of enemies.;
;~;;;;;;;;bar;;;Destruction lead you nowhere.;
;~;;;;;;;;dru;;;Speaking from experience?;
;bardru_M_0003;;talk_bar,talk_dru;bar,dru;conv;3;bardru_conv;FALSE;dru;;;Drop the act, barbarian.;
;~;;;;;;;;dru;;;You're here to lay destruction! And you picked a mighty foe.;
;~;;;;;;;;dru;;;I'd loove to see you in action down there.;
;~;;;;;;;;bar;;;Move crazy eyes away, please.;
;bardru_S_0001;;talk_bar,talk_dru;bar,dru;conv;1010;bardru_conv;FALSE;dru;;;I hope we don't meet when I'm out hunting, big guy.;
;~;;;;;;;;bar;;;No worry, I not hunt your forms.;
;~;;;;;;;;dru;;;Can't say the same myself. Best keep your eyes peeled.;
;bardru_S_0003;assdru_S_0003;talk_bar,talk_dru;bar,dru;conv;1010;bardru_conv;FALSE;dru;;;Kront. I need to ask something. Disclose it to no one.;
;~;;;;;;;;dru;;;Or I'll rip out your tongue!;
;~;;;;;;;;bar;;;Ha! You have intrigued ear!;
;~;;;;;;;;dru;;;What is... a dough nayt?;
;~;;;;;;;;bar;;;Is dough made of nayt.;
;~;;;;;;;;dru;;;I've never encountered such a creature.;
;~;;;;;;;;bar;;;Is a type of dragon. Don't know how you make it in dough though.;
;~;;;;;;;;dru;;;Huh. Nixi is more savage than I thought.;
;wardru_M_0001;;talk_war,talk_dru;war,dru;conv;1;wardru_conv;FALSE;war;;;A feral druid? Wow. I'm Skadi.;
;~;;;;;;;;war;;;I never thought I'd see one of you outside the... Forest.;
;~;;;;;;;;dru;;;Cut the niceties, highlander. We've both got the blood of the land on our hands.;
;~;;;;;;;;dru;;;You just refuse to see it. Feral is it? Guess you've never seen a mirror...;
;~;;;;;;;;war;;;I... I don't want to fight you. Or dig up ancient histories.;
;~;;;;;;;;dru;;;Say that to a druid of the fjord. If you can find one.;
;wardru_M_0002;seen_VampireLord;talk_war,talk_dru;war,dru;conv;2;wardru_conv;FALSE;war;;;You should know we highlanders have no quarrel with druids... these days.;
;~;;;;;;;;dru;;;These days it's easy isn't it? After it's all said and done.;
;~;;;;;;;;dru;;;Don't worry, I don't blame you. It's the law of nature.;
;~;;;;;;;;dru;;;It's the fault of the gods.;
;~;;;;;;;;war;;;The gods? But the gods are... helping us.;
;~;;;;;;;;dru;;;Every creature only ever helps itself.;
;~;;;;;;;;dru;;;Best learn it before it costs you.;
;wardru_M_0003;kill_VampireLord;talk_war,talk_dru;war,dru;conv;3;wardru_conv;FALSE;war;;;It would have been different now, Leaf. Things are different now.;
;~;;;;;;;;dru;;;And yet you've walked through the ancient halls made of the spirits of the fjord.;
;~;;;;;;;;war;;;It was the work of dragons. They're all gone now. Only drakes remain...;
;~;;;;;;;;dru;;;There's always a scapegoat. But the serf served its master.;
;~;;;;;;;;dru;;;Best keep your eyes peeled.;
;~;;;;;;;;dru;;;Lest you become a pawn in the game of gods like your ancestors, highlander.;
;randru_M_0001;;talk_ran,talk_dru;ran,dru;conv;1;randru_conv;FALSE;dru;;;Move or I'll rip your guts out!;
;~;;;;;;;;ran;;;Surely there are <i>cleaner</i> ways to kill someone.;
;~;;;;;;;;ran;;;Then again, judging by your hair I don't think you've heard of such a concept.;
;~;;;;;;;;dru;;;I hope you bleed red, it will color the snow nicely!;
;~;;;;;;;;ran;;;B-before you jump at me with those <b>rusted</b> claws...;
;~;;;;;;;;ran;;;Allow me a moment to explain I'm actually on your side.;
;~;;;;;;;;@fade;;;;
;~;;;;;;;;ran;;;So take the hourglass and go satiate that madness in the Underworld, please.;
;randru_M_0002;;talk_ran,talk_dru;ran,dru;conv;2;randru_conv;FALSE;ran;;;I never got your name.;
;~;;;;;;;;ran;;;I figure it's about the bare minimum and maximum I'd like to know about you.;
;~;;;;;;;;dru;;;It's Leaf.;
;~;;;;;;;;ran;;;I'm Lorien. That's enough talking now.;
;~;;;;;;;;dru;;;Splendid.;
;randru_S_0001;;talk_ran,talk_dru;ran,dru;conv;1001;randru_conv;FALSE;ran;;;You wanna talk? Talk to Merris.;
;~;;;;;;;;dru;;;Who said I'd wanna waste my breath on you?;
;~;;;;;;;;ran;;;Why yes, that perfume would be a tremendous waste!;
;randru_S_0002;;talk_ran,talk_dru;ran,dru;conv;1002;randru_conv;FALSE;dru;;;You got a problem, ranger?;
;~;;;;;;;;ran;;;Excuse my grimace. It's a natural response to your... well... everything.;
;~;;;;;;;;dru;;;Never been outside, city boy?;
;randru_S_0003;;talk_ran,talk_dru;ran,dru;conv;1003;randru_conv;FALSE;ran;;;Just so you know, the swamp is not something you're supposed to swim in, Leaf.;
;~;;;;;;;;dru;;;Oh, you'd swim alright. Just a few days in the jungle, prince.;
;~;;;;;;;;dru;;;That will shut you up real quick.;
;randru_S_0004;;talk_ran,talk_dru;ran,dru;conv;1004;randru_conv;FALSE;ran;;;You should know I've adventured quite a lot, Leaf.;
;~;;;;;;;;ran;;;There's no need to borrow the hygiene of a wild boar when on the road.;
;~;;;;;;;;dru;;;The road is not the forest, prince.;
;randruA_S_0001;last_run_fail;talk_ran,talk_dru;ran;conv;1007;randru_conv;FALSE;ran;;;Hmm, it seems feral savagery didn't help much against the legions of Death.;
;~;;;;;;;;ran;;;What's the use of it then?;
;~;;;;;;;;dru;;;If you're trying to get me to take a bath, I already did.;
;~;;;;;;;;ran;;;Rolling around in the snow isn't a bath.;
;pcsnow_25_M_0001;;talk_snow;pc;conv;1;pcsnow_conv;FALSE;snow;;;Ho-ho-ho! Greetings hero and a happy Snowswatch!;
;~;;;;;;;;snow;;;Rumors of your quest are spreading across all realms. We minor gods have been keeping a close eye!;
;~;;;;;;;;snow;;;You have been good boys and girls this year, so I took the liberty of decorating your new home!;
;~;;;;;;;;snow;;;Now then! I bid you farewell and good luck!;
;~;;;;;;;;snow;;;And don't forget to take a look under the Snowswatch Tree!;
